Country_Code,Country_Name,Year,Climate(deg C),Precipitation(mm)
BGD,Bangladesh,1960,25.56,2279.01
BGD,Bangladesh,1961,25.54,2292.83
BGD,Bangladesh,1962,25.52,2308.2
BGD,Bangladesh,1963,25.49,2320.33
BGD,Bangladesh,1964,25.46,2324.4
BGD,Bangladesh,1965,25.43,2316.67
BGD,Bangladesh,1966,25.39,2299.96
BGD,Bangladesh,1967,25.36,2279.44
BGD,Bangladesh,1968,25.33,2260.24
BGD,Bangladesh,1969,25.31,2247.65
BGD,Bangladesh,1970,25.3,2246.39
BGD,Bangladesh,1971,25.3,2255.54
BGD,Bangladesh,1972,25.31,2269.9
BGD,Bangladesh,1973,25.32,2284.05
BGD,Bangladesh,1974,25.33,2292.68
BGD,Bangladesh,1975,25.34,2290.55
BGD,Bangladesh,1976,25.34,2277.54
BGD,Bangladesh,1977,25.35,2261.31
BGD,Bangladesh,1978,25.36,2250.07
BGD,Bangladesh,1979,25.39,2252.03
BGD,Bangladesh,1980,25.43,2275.52
BGD,Bangladesh,1981,25.49,2324.06
BGD,Bangladesh,1982,25.56,2387.17
BGD,Bangladesh,1983,25.62,2451.62
BGD,Bangladesh,1984,25.67,2504.33
BGD,Bangladesh,1985,25.69,2531.74
BGD,Bangladesh,1986,25.68,2523.13
BGD,Bangladesh,1987,25.64,2483.3
BGD,Bangladesh,1988,25.58,2423.42
BGD,Bangladesh,1989,25.52,2355.2
BGD,Bangladesh,1990,25.47,2289.88
BGD,Bangladesh,1991,25.44,2238.43
BGD,Bangladesh,1992,25.44,2204.88
BGD,Bangladesh,1993,25.46,2187.73
BGD,Bangladesh,1994,25.49,2185.01
BGD,Bangladesh,1995,25.53,2194.86
BGD,Bangladesh,1996,25.56,2215.47
BGD,Bangladesh,1997,25.59,2243.5
BGD,Bangladesh,1998,25.62,2273.57
BGD,Bangladesh,1999,25.66,2300.03
BGD,Bangladesh,2000,25.7,2317.28
BGD,Bangladesh,2001,25.77,2319.56
BGD,Bangladesh,2002,25.86,2303.24
BGD,Bangladesh,2003,25.95,2271.41
BGD,Bangladesh,2004,26.05,2228.54
BGD,Bangladesh,2005,26.12,2179.46
BGD,Bangladesh,2006,26.17,2128.68
BGD,Bangladesh,2007,26.17,2080.71
BGD,Bangladesh,2008,26.14,2039.62
BGD,Bangladesh,2009,26.07,2009.56
BGD,Bangladesh,2010,25.98,1994.38
BGD,Bangladesh,2011,25.89,1998.01
BGD,Bangladesh,2012,25.78,2024.15
BGD,Bangladesh,2013,25.69,2068.87
BGD,Bangladesh,2014,25.6,2121.47
BGD,Bangladesh,2015,25.54,2170.94
BGD,Bangladesh,2016,25.49,2206.33
BGD,Bangladesh,2017,25.47,2216.46
BGD,Bangladesh,2018,25.49,2196.09
BGD,Bangladesh,2019,25.52,2150.39
BGD,Bangladesh,2020,25.58,2085.49
BGD,Bangladesh,2021,25.64,2008.09
BGD,Bangladesh,2022,25.72,1924.35
BTN,Bhutan,1960,10.12,1788.98
BTN,Bhutan,1961,10,1824.97
BTN,Bhutan,1962,9.87,1867.22
BTN,Bhutan,1963,9.75,1903.65
BTN,Bhutan,1964,9.65,1922.16
BTN,Bhutan,1965,9.6,1913.3
BTN,Bhutan,1966,9.59,1884.02
BTN,Bhutan,1967,9.61,1847.19
BTN,Bhutan,1968,9.66,1815.58
BTN,Bhutan,1969,9.73,1802.27
BTN,Bhutan,1970,9.81,1819
BTN,Bhutan,1971,9.9,1863.22
BTN,Bhutan,1972,9.98,1921.68
BTN,Bhutan,1973,10.04,1980.35
BTN,Bhutan,1974,10.07,2025.7
BTN,Bhutan,1975,10.07,2044.23
BTN,Bhutan,1976,10.03,2031.71
BTN,Bhutan,1977,9.97,1998.05
BTN,Bhutan,1978,9.9,1954.21
BTN,Bhutan,1979,9.86,1911.15
BTN,Bhutan,1980,9.85,1879.75
BTN,Bhutan,1981,9.88,1867.93
BTN,Bhutan,1982,9.94,1873.31
BTN,Bhutan,1983,10.01,1891.71
BTN,Bhutan,1984,10.07,1919.02
BTN,Bhutan,1985,10.1,1950.92
BTN,Bhutan,1986,10.09,1983.27
BTN,Bhutan,1987,10.04,2011.86
BTN,Bhutan,1988,9.97,2032.51
BTN,Bhutan,1989,9.91,2040.87
BTN,Bhutan,1990,9.87,2032.79
BTN,Bhutan,1991,9.86,2004.51
BTN,Bhutan,1992,9.9,1960.44
BTN,Bhutan,1993,9.96,1912.36
BTN,Bhutan,1994,10.03,1871.9
BTN,Bhutan,1995,10.09,1850.8
BTN,Bhutan,1996,10.14,1860.75
BTN,Bhutan,1997,10.16,1903.56
BTN,Bhutan,1998,10.17,1964.71
BTN,Bhutan,1999,10.18,2028.2
BTN,Bhutan,2000,10.21,2078.09
BTN,Bhutan,2001,10.27,2098.06
BTN,Bhutan,2002,10.37,2077.98
BTN,Bhutan,2003,10.49,2027.73
BTN,Bhutan,2004,10.62,1961.4
BTN,Bhutan,2005,10.73,1893.64
BTN,Bhutan,2006,10.81,1838.59
BTN,Bhutan,2007,10.83,1808.74
BTN,Bhutan,2008,10.81,1802.83
BTN,Bhutan,2009,10.76,1813.11
BTN,Bhutan,2010,10.69,1831.73
BTN,Bhutan,2011,10.61,1850.87
BTN,Bhutan,2012,10.54,1862.98
BTN,Bhutan,2013,10.49,1865.16
BTN,Bhutan,2014,10.46,1859.14
BTN,Bhutan,2015,10.44,1846.77
BTN,Bhutan,2016,10.43,1829.83
BTN,Bhutan,2017,10.44,1810.28
BTN,Bhutan,2018,10.46,1789.41
BTN,Bhutan,2019,10.48,1767.55
BTN,Bhutan,2020,10.52,1744.9
BTN,Bhutan,2021,10.56,1721.82
BTN,Bhutan,2022,10.6,1698.5
IND,India,1960,24.38,1212.02
IND,India,1961,24.37,1188.03
IND,India,1962,24.37,1157.69
IND,India,1963,24.37,1126.18
IND,India,1964,24.38,1098.61
IND,India,1965,24.39,1079.62
IND,India,1966,24.4,1069.39
IND,India,1967,24.4,1066.68
IND,India,1968,24.4,1070.22
IND,India,1969,24.4,1078.75
IND,India,1970,24.39,1090.97
IND,India,1971,24.38,1105.33
IND,India,1972,24.37,1120.13
IND,India,1973,24.36,1133.53
IND,India,1974,24.36,1143.81
IND,India,1975,24.38,1149.24
IND,India,1976,24.41,1149.28
IND,India,1977,24.46,1145.21
IND,India,1978,24.5,1138.47
IND,India,1979,24.54,1130.45
IND,India,1980,24.57,1122.58
IND,India,1981,24.59,1115.89
IND,India,1982,24.59,1110.09
IND,India,1983,24.59,1104.69
IND,India,1984,24.59,1099.15
IND,India,1985,24.58,1093
IND,India,1986,24.58,1085.91
IND,India,1987,24.59,1079.01
IND,India,1988,24.6,1074
IND,India,1989,24.6,1072.62
IND,India,1990,24.61,1076.58
IND,India,1991,24.61,1087.39
IND,India,1992,24.6,1103.47
IND,India,1993,24.6,1120.38
IND,India,1994,24.6,1133.75
IND,India,1995,24.62,1139.16
IND,India,1996,24.65,1132.2
IND,India,1997,24.7,1112.29
IND,India,1998,24.76,1085.03
IND,India,1999,24.83,1056.64
IND,India,2000,24.9,1033.27
IND,India,2001,24.96,1021.27
IND,India,2002,25.01,1024.7
IND,India,2003,25.05,1040.44
IND,India,2004,25.08,1063.83
IND,India,2005,25.1,1090.01
IND,India,2006,25.11,1114.31
IND,India,2007,25.11,1132.47
IND,India,2008,25.1,1143.78
IND,India,2009,25.09,1149.16
IND,India,2010,25.08,1149.59
IND,India,2011,25.07,1146.06
IND,India,2012,25.06,1139.54
IND,India,2013,25.06,1131.79
IND,India,2014,25.06,1125.2
IND,India,2015,25.07,1122.19
IND,India,2016,25.07,1125.21
IND,India,2017,25.08,1136.65
IND,India,2018,25.08,1157.53
IND,India,2019,25.09,1186.19
IND,India,2020,25.1,1220.79
IND,India,2021,25.11,1259.18
IND,India,2022,25.12,1299.52
LKA,Sri Lanka,1960,26.42,1880.15
LKA,Sri Lanka,1961,26.45,1911.39
LKA,Sri Lanka,1962,26.48,1936.13
LKA,Sri Lanka,1963,26.51,1948.74
LKA,Sri Lanka,1964,26.53,1943.53
LKA,Sri Lanka,1965,26.54,1916.43
LKA,Sri Lanka,1966,26.55,1872.54
LKA,Sri Lanka,1967,26.55,1820.3
LKA,Sri Lanka,1968,26.54,1768.03
LKA,Sri Lanka,1969,26.52,1724.49
LKA,Sri Lanka,1970,26.5,1697.42
LKA,Sri Lanka,1971,26.47,1686.58
LKA,Sri Lanka,1972,26.45,1685.62
LKA,Sri Lanka,1973,26.44,1688.03
LKA,Sri Lanka,1974,26.46,1687.28
LKA,Sri Lanka,1975,26.5,1676.97
LKA,Sri Lanka,1976,26.57,1655.49
LKA,Sri Lanka,1977,26.66,1628.7
LKA,Sri Lanka,1978,26.76,1602.91
LKA,Sri Lanka,1979,26.84,1584.46
LKA,Sri Lanka,1980,26.9,1579.69
LKA,Sri Lanka,1981,26.93,1592.09
LKA,Sri Lanka,1982,26.93,1616.08
LKA,Sri Lanka,1983,26.91,1644.44
LKA,Sri Lanka,1984,26.89,1669.99
LKA,Sri Lanka,1985,26.88,1685.32
LKA,Sri Lanka,1986,26.88,1684.68
LKA,Sri Lanka,1987,26.89,1671.65
LKA,Sri Lanka,1988,26.92,1653.67
LKA,Sri Lanka,1989,26.94,1638.39
LKA,Sri Lanka,1990,26.96,1633.28
LKA,Sri Lanka,1991,26.98,1645.37
LKA,Sri Lanka,1992,26.99,1673.38
LKA,Sri Lanka,1993,27,1708.68
LKA,Sri Lanka,1994,27.02,1742.63
LKA,Sri Lanka,1995,27.04,1766.55
LKA,Sri Lanka,1996,27.07,1771.81
LKA,Sri Lanka,1997,27.11,1756.37
LKA,Sri Lanka,1998,27.16,1729.24
LKA,Sri Lanka,1999,27.2,1700.47
LKA,Sri Lanka,2000,27.24,1680.04
LKA,Sri Lanka,2001,27.25,1678.14
LKA,Sri Lanka,2002,27.25,1700.7
LKA,Sri Lanka,2003,27.22,1739.7
LKA,Sri Lanka,2004,27.19,1784.14
LKA,Sri Lanka,2005,27.17,1822.66
LKA,Sri Lanka,2006,27.15,1844.25
LKA,Sri Lanka,2007,27.16,1839.54
LKA,Sri Lanka,2008,27.18,1812.43
LKA,Sri Lanka,2009,27.22,1773.43
LKA,Sri Lanka,2010,27.26,1732.85
LKA,Sri Lanka,2011,27.32,1701.07
LKA,Sri Lanka,2012,27.37,1688.06
LKA,Sri Lanka,2013,27.41,1695.64
LKA,Sri Lanka,2014,27.46,1717.75
LKA,Sri Lanka,2015,27.49,1748.11
LKA,Sri Lanka,2016,27.51,1780.47
LKA,Sri Lanka,2017,27.51,1808.4
LKA,Sri Lanka,2018,27.51,1828.27
LKA,Sri Lanka,2019,27.49,1841.28
LKA,Sri Lanka,2020,27.45,1849.15
LKA,Sri Lanka,2021,27.42,1853.56
LKA,Sri Lanka,2022,27.38,1856.26
MDV,Maldives,1960,27.62,2169.5
MDV,Maldives,1961,27.64,2174.41
MDV,Maldives,1962,27.65,2178.99
MDV,Maldives,1963,27.65,2181.71
MDV,Maldives,1964,27.64,2181.05
MDV,Maldives,1965,27.62,2175.85
MDV,Maldives,1966,27.58,2167.32
MDV,Maldives,1967,27.55,2157.47
MDV,Maldives,1968,27.51,2148.34
MDV,Maldives,1969,27.48,2142
MDV,Maldives,1970,27.46,2140.36
MDV,Maldives,1971,27.46,2143.84
MDV,Maldives,1972,27.47,2151.76
MDV,Maldives,1973,27.49,2163.3
MDV,Maldives,1974,27.53,2177.76
MDV,Maldives,1975,27.58,2194.36
MDV,Maldives,1976,27.65,2211.76
MDV,Maldives,1977,27.73,2227.55
MDV,Maldives,1978,27.8,2239.36
MDV,Maldives,1979,27.87,2244.79
MDV,Maldives,1980,27.91,2241.42
MDV,Maldives,1981,27.93,2228.11
MDV,Maldives,1982,27.94,2207.63
MDV,Maldives,1983,27.94,2183.49
MDV,Maldives,1984,27.93,2159.11
MDV,Maldives,1985,27.93,2138.14
MDV,Maldives,1986,27.94,2123.6
MDV,Maldives,1987,27.96,2115.76
MDV,Maldives,1988,27.98,2113.74
MDV,Maldives,1989,28.01,2116.66
MDV,Maldives,1990,28.04,2123.6
MDV,Maldives,1991,28.05,2133.64
MDV,Maldives,1992,28.06,2145.54
MDV,Maldives,1993,28.07,2157.63
MDV,Maldives,1994,28.07,2168.32
MDV,Maldives,1995,28.08,2176.01
MDV,Maldives,1996,28.08,2179.12
MDV,Maldives,1997,28.09,2177.6
MDV,Maldives,1998,28.11,2174.13
MDV,Maldives,1999,28.12,2171.61
MDV,Maldives,2000,28.12,2172.93
MDV,Maldives,2001,28.12,2180.99
MDV,Maldives,2002,28.1,2197.16
MDV,Maldives,2003,28.08,2217.53
MDV,Maldives,2004,28.06,2237.04
MDV,Maldives,2005,28.04,2250.49
MDV,Maldives,2006,28.03,2252.83
MDV,Maldives,2007,28.02,2239.94
MDV,Maldives,2008,28.02,2215.16
MDV,Maldives,2009,28.03,2185.62
MDV,Maldives,2010,28.05,2158.23
MDV,Maldives,2011,28.08,2140
MDV,Maldives,2012,28.1,2137.62
MDV,Maldives,2013,28.13,2151.19
MDV,Maldives,2014,28.16,2174.55
MDV,Maldives,2015,28.19,2201.34
MDV,Maldives,2016,28.2,2225.24
MDV,Maldives,2017,28.21,2239.77
MDV,Maldives,2018,28.21,2241.59
MDV,Maldives,2019,28.2,2232.73
MDV,Maldives,2020,28.18,2215.83
MDV,Maldives,2021,28.16,2193.63
MDV,Maldives,2022,28.13,2168.77
NPL,Nepal,1960,13.69,1277.57
NPL,Nepal,1961,13.61,1291.29
NPL,Nepal,1962,13.54,1302.92
NPL,Nepal,1963,13.48,1309.79
NPL,Nepal,1964,13.44,1309.22
NPL,Nepal,1965,13.42,1299.43
NPL,Nepal,1966,13.42,1284.18
NPL,Nepal,1967,13.44,1269.2
NPL,Nepal,1968,13.47,1260.24
NPL,Nepal,1969,13.5,1263.09
NPL,Nepal,1970,13.53,1282.9
NPL,Nepal,1971,13.56,1316.5
NPL,Nepal,1972,13.57,1354.57
NPL,Nepal,1973,13.58,1387.3
NPL,Nepal,1974,13.58,1405.21
NPL,Nepal,1975,13.58,1398.88
NPL,Nepal,1976,13.56,1367.3
NPL,Nepal,1977,13.55,1322.5
NPL,Nepal,1978,13.53,1277.32
NPL,Nepal,1979,13.52,1244.62
NPL,Nepal,1980,13.52,1237.29
NPL,Nepal,1981,13.54,1262.42
NPL,Nepal,1982,13.56,1308.88
NPL,Nepal,1983,13.58,1362.12
NPL,Nepal,1984,13.61,1407.71
NPL,Nepal,1985,13.62,1430.84
NPL,Nepal,1986,13.63,1419.64
NPL,Nepal,1987,13.63,1379.22
NPL,Nepal,1988,13.62,1321.63
NPL,Nepal,1989,13.62,1259.48
NPL,Nepal,1990,13.62,1204.89
NPL,Nepal,1991,13.63,1169.63
NPL,Nepal,1992,13.65,1157.32
NPL,Nepal,1993,13.69,1164.74
NPL,Nepal,1994,13.73,1188.33
NPL,Nepal,1995,13.78,1224.6
NPL,Nepal,1996,13.84,1270.16
NPL,Nepal,1997,13.9,1319.96
NPL,Nepal,1998,13.96,1367.14
NPL,Nepal,1999,14.03,1404.5
NPL,Nepal,2000,14.11,1424.89
NPL,Nepal,2001,14.19,1421
NPL,Nepal,2002,14.28,1389.4
NPL,Nepal,2003,14.37,1339.4
NPL,Nepal,2004,14.45,1282.96
NPL,Nepal,2005,14.52,1232.54
NPL,Nepal,2006,14.55,1200.12
NPL,Nepal,2007,14.55,1195.96
NPL,Nepal,2008,14.52,1216.02
NPL,Nepal,2009,14.47,1249.24
NPL,Nepal,2010,14.41,1284.69
NPL,Nepal,2011,14.36,1311.4
NPL,Nepal,2012,14.31,1318.86
NPL,Nepal,2013,14.28,1305.96
NPL,Nepal,2014,14.27,1280.61
NPL,Nepal,2015,14.26,1251
NPL,Nepal,2016,14.25,1225.28
NPL,Nepal,2017,14.25,1211.77
NPL,Nepal,2018,14.25,1214.8
NPL,Nepal,2019,14.25,1231.68
NPL,Nepal,2020,14.24,1259.04
NPL,Nepal,2021,14.24,1293.26
NPL,Nepal,2022,14.23,1330.95
PAK,Pakistan,1960,20.71,312.32
PAK,Pakistan,1961,20.66,302.76
PAK,Pakistan,1962,20.6,291.02
PAK,Pakistan,1963,20.57,278.5
PAK,Pakistan,1964,20.55,266.56
PAK,Pakistan,1965,20.58,256.53
PAK,Pakistan,1966,20.62,248.86
PAK,Pakistan,1967,20.68,243.77
PAK,Pakistan,1968,20.73,241.47
PAK,Pakistan,1969,20.76,242.18
PAK,Pakistan,1970,20.75,246.08
PAK,Pakistan,1971,20.71,252.85
PAK,Pakistan,1972,20.66,261.81
PAK,Pakistan,1973,20.6,272.21
PAK,Pakistan,1974,20.57,283.38
PAK,Pakistan,1975,20.57,294.6
PAK,Pakistan,1976,20.62,305.15
PAK,Pakistan,1977,20.69,314.15
PAK,Pakistan,1978,20.77,320.79
PAK,Pakistan,1979,20.83,324.24
PAK,Pakistan,1980,20.86,323.65
PAK,Pakistan,1981,20.84,318.73
PAK,Pakistan,1982,20.8,310.72
PAK,Pakistan,1983,20.75,301.19
PAK,Pakistan,1984,20.71,291.68
PAK,Pakistan,1985,20.7,283.82
PAK,Pakistan,1986,20.74,278.96
PAK,Pakistan,1987,20.81,277.33
PAK,Pakistan,1988,20.9,278.67
PAK,Pakistan,1989,20.97,282.7
PAK,Pakistan,1990,21.01,289.16
PAK,Pakistan,1991,20.98,297.71
PAK,Pakistan,1992,20.91,307.04
PAK,Pakistan,1993,20.82,314.9
PAK,Pakistan,1994,20.73,319.07
PAK,Pakistan,1995,20.69,317.34
PAK,Pakistan,1996,20.72,307.46
PAK,Pakistan,1997,20.84,289.68
PAK,Pakistan,1998,21.01,268.12
PAK,Pakistan,1999,21.2,247.32
PAK,Pakistan,2000,21.38,231.79
PAK,Pakistan,2001,21.51,226.15
PAK,Pakistan,2002,21.58,233.19
PAK,Pakistan,2003,21.6,249.82
PAK,Pakistan,2004,21.58,271.7
PAK,Pakistan,2005,21.54,294.3
PAK,Pakistan,2006,21.52,313.3
PAK,Pakistan,2007,21.51,324.76
PAK,Pakistan,2008,21.53,328.51
PAK,Pakistan,2009,21.57,326.1
PAK,Pakistan,2010,21.61,319.14
PAK,Pakistan,2011,21.65,309.21
PAK,Pakistan,2012,21.67,297.87
PAK,Pakistan,2013,21.68,286.73
PAK,Pakistan,2014,21.68,277.28
PAK,Pakistan,2015,21.69,271.04
PAK,Pakistan,2016,21.69,269.52
PAK,Pakistan,2017,21.71,274.25
PAK,Pakistan,2018,21.74,285.78
PAK,Pakistan,2019,21.79,302.91
PAK,Pakistan,2020,21.84,324.3
PAK,Pakistan,2021,21.9,348.44
PAK,Pakistan,2022,21.96,373.98
TJK,Tajikistan,1960,2.9,606.41
TJK,Tajikistan,1961,2.92,611.39
TJK,Tajikistan,1962,2.93,625.01
TJK,Tajikistan,1963,2.95,643.49
TJK,Tajikistan,1964,2.97,663.08
TJK,Tajikistan,1965,2.98,680.17
TJK,Tajikistan,1966,3,693.01
TJK,Tajikistan,1967,3.01,700.41
TJK,Tajikistan,1968,3,701.19
TJK,Tajikistan,1969,2.99,694.14
TJK,Tajikistan,1970,2.95,678.33
TJK,Tajikistan,1971,2.91,655.88
TJK,Tajikistan,1972,2.88,631.22
TJK,Tajikistan,1973,2.86,609.04
TJK,Tajikistan,1974,2.88,593.81
TJK,Tajikistan,1975,2.95,590.01
TJK,Tajikistan,1976,3.07,598.5
TJK,Tajikistan,1977,3.22,614.58
TJK,Tajikistan,1978,3.37,633.19
TJK,Tajikistan,1979,3.5,649.24
TJK,Tajikistan,1980,3.58,657.66
TJK,Tajikistan,1981,3.6,655.47
TJK,Tajikistan,1982,3.57,646.39
TJK,Tajikistan,1983,3.52,635.38
TJK,Tajikistan,1984,3.46,627.39
TJK,Tajikistan,1985,3.41,627.42
TJK,Tajikistan,1986,3.39,639.4
TJK,Tajikistan,1987,3.4,660.41
TJK,Tajikistan,1988,3.41,684.72
TJK,Tajikistan,1989,3.41,706.39
TJK,Tajikistan,1990,3.39,719.72
TJK,Tajikistan,1991,3.33,719.26
TJK,Tajikistan,1992,3.23,705.85
TJK,Tajikistan,1993,3.13,685.75
TJK,Tajikistan,1994,3.05,665.31
TJK,Tajikistan,1995,3.03,650.88
TJK,Tajikistan,1996,3.1,648.78
TJK,Tajikistan,1997,3.26,660.98
TJK,Tajikistan,1998,3.48,682.13
TJK,Tajikistan,1999,3.73,706.2
TJK,Tajikistan,2000,3.96,727.23
TJK,Tajikistan,2001,4.14,739.07
TJK,Tajikistan,2002,4.25,737.78
TJK,Tajikistan,2003,4.29,726.34
TJK,Tajikistan,2004,4.29,709.25
TJK,Tajikistan,2005,4.25,691.13
TJK,Tajikistan,2006,4.19,676.48
TJK,Tajikistan,2007,4.14,669.29
TJK,Tajikistan,2008,4.09,669.15
TJK,Tajikistan,2009,4.05,673.65
TJK,Tajikistan,2010,4.02,680.31
TJK,Tajikistan,2011,4,686.69
TJK,Tajikistan,2012,4,690.41
TJK,Tajikistan,2013,4.01,690.6
TJK,Tajikistan,2014,4.03,687.85
TJK,Tajikistan,2015,4.07,682.79
TJK,Tajikistan,2016,4.13,676.03
TJK,Tajikistan,2017,4.19,668.26
TJK,Tajikistan,2018,4.28,659.91
TJK,Tajikistan,2019,4.37,651.13
TJK,Tajikistan,2020,4.47,642
TJK,Tajikistan,2021,4.58,632.67
TJK,Tajikistan,2022,4.69,623.24
UZB,Uzbekistan,1960,12.5,189.1
UZB,Uzbekistan,1961,12.62,188.84
UZB,Uzbekistan,1962,12.74,190.67
UZB,Uzbekistan,1963,12.83,194.47
UZB,Uzbekistan,1964,12.86,200.16
UZB,Uzbekistan,1965,12.84,207.43
UZB,Uzbekistan,1966,12.75,214.98
UZB,Uzbekistan,1967,12.64,221.15
UZB,Uzbekistan,1968,12.51,224.27
UZB,Uzbekistan,1969,12.39,222.65
UZB,Uzbekistan,1970,12.3,214.82
UZB,Uzbekistan,1971,12.26,202.13
UZB,Uzbekistan,1972,12.25,188.03
UZB,Uzbekistan,1973,12.28,176.13
UZB,Uzbekistan,1974,12.35,169.93
UZB,Uzbekistan,1975,12.45,172.9
UZB,Uzbekistan,1976,12.58,185.43
UZB,Uzbekistan,1977,12.73,203.13
UZB,Uzbekistan,1978,12.87,221.3
UZB,Uzbekistan,1979,12.99,235.24
UZB,Uzbekistan,1980,13.06,240.24
UZB,Uzbekistan,1981,13.09,233.63
UZB,Uzbekistan,1982,13.08,219.19
UZB,Uzbekistan,1983,13.05,201.89
UZB,Uzbekistan,1984,13.01,186.66
UZB,Uzbekistan,1985,12.98,178.56
UZB,Uzbekistan,1986,12.99,181.61
UZB,Uzbekistan,1987,13.01,193.74
UZB,Uzbekistan,1988,13.04,210.36
UZB,Uzbekistan,1989,13.07,226.74
UZB,Uzbekistan,1990,13.07,238.26
UZB,Uzbekistan,1991,13.04,240.55
UZB,Uzbekistan,1992,12.99,233.66
UZB,Uzbekistan,1993,12.94,221.44
UZB,Uzbekistan,1994,12.91,207.85
UZB,Uzbekistan,1995,12.93,196.8
UZB,Uzbekistan,1996,13.03,192.23
UZB,Uzbekistan,1997,13.21,195.64
UZB,Uzbekistan,1998,13.44,204.44
UZB,Uzbekistan,1999,13.67,215.7
UZB,Uzbekistan,2000,13.89,226.48
UZB,Uzbekistan,2001,14.05,233.76
UZB,Uzbekistan,2002,14.13,235.51
UZB,Uzbekistan,2003,14.14,232.71
UZB,Uzbekistan,2004,14.1,227
UZB,Uzbekistan,2005,14.03,220.06
UZB,Uzbekistan,2006,13.95,213.54
UZB,Uzbekistan,2007,13.87,208.94
UZB,Uzbekistan,2008,13.8,206.53
UZB,Uzbekistan,2009,13.75,206.05
UZB,Uzbekistan,2010,13.72,207.19
UZB,Uzbekistan,2011,13.71,209.67
UZB,Uzbekistan,2012,13.73,213.2
UZB,Uzbekistan,2013,13.77,217.2
UZB,Uzbekistan,2014,13.83,220.93
UZB,Uzbekistan,2015,13.91,223.6
UZB,Uzbekistan,2016,14.01,224.42
UZB,Uzbekistan,2017,14.11,222.63
UZB,Uzbekistan,2018,14.22,217.88
UZB,Uzbekistan,2019,14.33,210.71
UZB,Uzbekistan,2020,14.45,201.69
UZB,Uzbekistan,2021,14.57,191.47
UZB,Uzbekistan,2022,14.7,180.65
KAZ,Kazakhstan,1960,5.74,275.78
KAZ,Kazakhstan,1961,5.97,269.23
KAZ,Kazakhstan,1962,6.19,261.04
KAZ,Kazakhstan,1963,6.35,253.62
KAZ,Kazakhstan,1964,6.41,249.38
KAZ,Kazakhstan,1965,6.35,250.24
KAZ,Kazakhstan,1966,6.19,254.85
KAZ,Kazakhstan,1967,5.97,260.73
KAZ,Kazakhstan,1968,5.75,265.42
KAZ,Kazakhstan,1969,5.57,266.39
KAZ,Kazakhstan,1970,5.47,261.39
KAZ,Kazakhstan,1971,5.47,251.14
KAZ,Kazakhstan,1972,5.54,238.6
KAZ,Kazakhstan,1973,5.66,226.9
KAZ,Kazakhstan,1974,5.83,219.04
KAZ,Kazakhstan,1975,6,218.04
KAZ,Kazakhstan,1976,6.18,224.56
KAZ,Kazakhstan,1977,6.34,235.64
KAZ,Kazakhstan,1978,6.47,248.11
KAZ,Kazakhstan,1979,6.55,258.77
KAZ,Kazakhstan,1980,6.57,264.43
KAZ,Kazakhstan,1981,6.52,263.18
KAZ,Kazakhstan,1982,6.43,257.16
KAZ,Kazakhstan,1983,6.32,249.26
KAZ,Kazakhstan,1984,6.23,242.38
KAZ,Kazakhstan,1985,6.19,239.44
KAZ,Kazakhstan,1986,6.22,242.77
KAZ,Kazakhstan,1987,6.3,250.92
KAZ,Kazakhstan,1988,6.41,260.85
KAZ,Kazakhstan,1989,6.51,269.48
KAZ,Kazakhstan,1990,6.58,273.79
KAZ,Kazakhstan,1991,6.59,270.92
KAZ,Kazakhstan,1992,6.54,261.4
KAZ,Kazakhstan,1993,6.46,248.69
KAZ,Kazakhstan,1994,6.39,236.28
KAZ,Kazakhstan,1995,6.37,227.68
KAZ,Kazakhstan,1996,6.42,226.37
KAZ,Kazakhstan,1997,6.57,233.39
KAZ,Kazakhstan,1998,6.77,245.68
KAZ,Kazakhstan,1999,6.99,259.8
KAZ,Kazakhstan,2000,7.21,272.36
KAZ,Kazakhstan,2001,7.38,279.85
KAZ,Kazakhstan,2002,7.49,280
KAZ,Kazakhstan,2003,7.54,274.43
KAZ,Kazakhstan,2004,7.53,265.63
KAZ,Kazakhstan,2005,7.49,256.14
KAZ,Kazakhstan,2006,7.42,248.44
KAZ,Kazakhstan,2007,7.33,244.73
KAZ,Kazakhstan,2008,7.23,245.02
KAZ,Kazakhstan,2009,7.15,248.25
KAZ,Kazakhstan,2010,7.08,253.35
KAZ,Kazakhstan,2011,7.04,259.26
KAZ,Kazakhstan,2012,7.05,264.93
KAZ,Kazakhstan,2013,7.1,269.63
KAZ,Kazakhstan,2014,7.18,272.95
KAZ,Kazakhstan,2015,7.28,274.47
KAZ,Kazakhstan,2016,7.4,273.79
KAZ,Kazakhstan,2017,7.51,270.51
KAZ,Kazakhstan,2018,7.62,264.54
KAZ,Kazakhstan,2019,7.73,256.36
KAZ,Kazakhstan,2020,7.84,246.49
KAZ,Kazakhstan,2021,7.94,235.54
KAZ,Kazakhstan,2022,8.04,224.04
KGZ,Kyrgyz Republic,1960,1.38,437.6
KGZ,Kyrgyz Republic,1961,1.48,432.67
KGZ,Kyrgyz Republic,1962,1.57,432.45
KGZ,Kyrgyz Republic,1963,1.64,437.3
KGZ,Kyrgyz Republic,1964,1.67,447.64
KGZ,Kyrgyz Republic,1965,1.67,463.31
KGZ,Kyrgyz Republic,1966,1.63,481.32
KGZ,Kyrgyz Republic,1967,1.57,497.62
KGZ,Kyrgyz Republic,1968,1.5,508.17
KGZ,Kyrgyz Republic,1969,1.43,508.86
KGZ,Kyrgyz Republic,1970,1.38,496.04
KGZ,Kyrgyz Republic,1971,1.36,471.72
KGZ,Kyrgyz Republic,1972,1.37,442.03
KGZ,Kyrgyz Republic,1973,1.41,413.5
KGZ,Kyrgyz Republic,1974,1.49,392.37
KGZ,Kyrgyz Republic,1975,1.61,384.91
KGZ,Kyrgyz Republic,1976,1.77,392.75
KGZ,Kyrgyz Republic,1977,1.93,410.49
KGZ,Kyrgyz Republic,1978,2.08,432.23
KGZ,Kyrgyz Republic,1979,2.19,452.06
KGZ,Kyrgyz Republic,1980,2.23,464.09
KGZ,Kyrgyz Republic,1981,2.18,464.63
KGZ,Kyrgyz Republic,1982,2.08,457.21
KGZ,Kyrgyz Republic,1983,1.95,446.65
KGZ,Kyrgyz Republic,1984,1.83,437.77
KGZ,Kyrgyz Republic,1985,1.75,435.45
KGZ,Kyrgyz Republic,1986,1.73,443.56
KGZ,Kyrgyz Republic,1987,1.77,459.52
KGZ,Kyrgyz Republic,1988,1.85,478.12
KGZ,Kyrgyz Republic,1989,1.92,493.98
KGZ,Kyrgyz Republic,1990,1.98,501.89
KGZ,Kyrgyz Republic,1991,1.99,496.94
KGZ,Kyrgyz Republic,1992,1.97,480.3
KGZ,Kyrgyz Republic,1993,1.92,458.5
KGZ,Kyrgyz Republic,1994,1.9,438.08
KGZ,Kyrgyz Republic,1995,1.91,425.63
KGZ,Kyrgyz Republic,1996,1.99,427.69
KGZ,Kyrgyz Republic,1997,2.15,446
KGZ,Kyrgyz Republic,1998,2.35,474.31
KGZ,Kyrgyz Republic,1999,2.57,505.62
KGZ,Kyrgyz Republic,2000,2.78,532.98
KGZ,Kyrgyz Republic,2001,2.95,549.24
KGZ,Kyrgyz Republic,2002,3.05,549.74
KGZ,Kyrgyz Republic,2003,3.1,537.68
KGZ,Kyrgyz Republic,2004,3.1,517.93
KGZ,Kyrgyz Republic,2005,3.07,495.53
KGZ,Kyrgyz Republic,2006,3.01,475.38
KGZ,Kyrgyz Republic,2007,2.95,461.9
KGZ,Kyrgyz Republic,2008,2.89,455.54
KGZ,Kyrgyz Republic,2009,2.83,454.96
KGZ,Kyrgyz Republic,2010,2.78,458.71
KGZ,Kyrgyz Republic,2011,2.75,465.39
KGZ,Kyrgyz Republic,2012,2.73,473.64
KGZ,Kyrgyz Republic,2013,2.74,482.1
KGZ,Kyrgyz Republic,2014,2.77,489.61
KGZ,Kyrgyz Republic,2015,2.81,494.97
KGZ,Kyrgyz Republic,2016,2.88,497
KGZ,Kyrgyz Republic,2017,2.96,494.5
KGZ,Kyrgyz Republic,2018,3.06,487.02
KGZ,Kyrgyz Republic,2019,3.17,475.42
KGZ,Kyrgyz Republic,2020,3.3,460.71
KGZ,Kyrgyz Republic,2021,3.43,443.97
KGZ,Kyrgyz Republic,2022,3.56,426.21
TKM,Turkmenistan,1960,15.53,137.95
TKM,Turkmenistan,1961,15.62,138.34
TKM,Turkmenistan,1962,15.71,141
TKM,Turkmenistan,1963,15.78,145.44
TKM,Turkmenistan,1964,15.81,151.2
TKM,Turkmenistan,1965,15.79,157.72
TKM,Turkmenistan,1966,15.73,164.12
TKM,Turkmenistan,1967,15.64,169.38
TKM,Turkmenistan,1968,15.53,172.5
TKM,Turkmenistan,1969,15.43,172.45
TKM,Turkmenistan,1970,15.34,168.34
TKM,Turkmenistan,1971,15.28,161.1
TKM,Turkmenistan,1972,15.24,153
TKM,Turkmenistan,1973,15.24,146.39
TKM,Turkmenistan,1974,15.27,143.57
TKM,Turkmenistan,1975,15.35,146.82
TKM,Turkmenistan,1976,15.47,156.29
TKM,Turkmenistan,1977,15.61,168.81
TKM,Turkmenistan,1978,15.75,181.03
TKM,Turkmenistan,1979,15.87,189.57
TKM,Turkmenistan,1980,15.96,191.06
TKM,Turkmenistan,1981,16.01,183.66
TKM,Turkmenistan,1982,16.02,170.31
TKM,Turkmenistan,1983,16.01,154.86
TKM,Turkmenistan,1984,15.98,141.12
TKM,Turkmenistan,1985,15.97,133.01
TKM,Turkmenistan,1986,15.97,133.63
TKM,Turkmenistan,1987,15.99,141.39
TKM,Turkmenistan,1988,16.02,152.72
TKM,Turkmenistan,1989,16.04,163.97
TKM,Turkmenistan,1990,16.05,171.58
TKM,Turkmenistan,1991,16.03,172.16
TKM,Turkmenistan,1992,16.01,165.66
TKM,Turkmenistan,1993,15.99,154.95
TKM,Turkmenistan,1994,15.99,142.96
TKM,Turkmenistan,1995,16.05,132.6
TKM,Turkmenistan,1996,16.17,126.77
TKM,Turkmenistan,1997,16.35,126.76
TKM,Turkmenistan,1998,16.58,131.07
TKM,Turkmenistan,1999,16.8,137.97
TKM,Turkmenistan,2000,16.98,145.72
TKM,Turkmenistan,2001,17.09,152.56
TKM,Turkmenistan,2002,17.1,157.14
TKM,Turkmenistan,2003,17.03,159.45
TKM,Turkmenistan,2004,16.92,159.79
TKM,Turkmenistan,2005,16.79,158.42
TKM,Turkmenistan,2006,16.69,155.66
TKM,Turkmenistan,2007,16.64,151.81
TKM,Turkmenistan,2008,16.63,147.53
TKM,Turkmenistan,2009,16.66,143.64
TKM,Turkmenistan,2010,16.7,140.96
TKM,Turkmenistan,2011,16.76,140.28
TKM,Turkmenistan,2012,16.81,142.38
TKM,Turkmenistan,2013,16.85,146.93
TKM,Turkmenistan,2014,16.88,152.62
TKM,Turkmenistan,2015,16.92,158.08
TKM,Turkmenistan,2016,16.96,161.96
TKM,Turkmenistan,2017,17.02,162.88
TKM,Turkmenistan,2018,17.1,160.18
TKM,Turkmenistan,2019,17.18,154.47
TKM,Turkmenistan,2020,17.29,146.48
TKM,Turkmenistan,2021,17.39,137
TKM,Turkmenistan,2022,17.5,126.77