Domain Code,Domain,Area Code (M49),Area,Element Code,Element,Item Code (FAO),Item,Year Code,Year,Unit,Value,Flag,Flag Description,Note
"QCL","Crops and livestock products","050","Bangladesh","5419","Yield","27","Rice","1961","1961","100 g/ha","17005","E","Estimated value",""
"QCL","Crops and livestock products","050","Bangladesh","5419","Yield","27","Rice","1962","1962","100 g/ha","15302","E","Estimated value",""
"QCL","Crops and livestock products","050","Bangladesh","5419","Yield","27","Rice","1963","1963","100 g/ha","17690","E","Estimated value",""
"QCL","Crops and livestock products","050","Bangladesh","5419","Yield","27","Rice","1964","1964","100 g/ha","17070","E","Estimated value",""
"QCL","Crops and livestock products","050","Bangladesh","5419","Yield","27","Rice","1965","1965","100 g/ha","16827","E","Estimated value",""
"QCL","Crops and livestock products","050","Bangladesh","5419","Yield","27","Rice","1966","1966","100 g/ha","15827","E","Estimated value",""
"QCL","Crops and livestock products","050","Bangladesh","5419","Yield","27","Rice","1967","1967","100 g/ha","16944","E","Estimated value",""
"QCL","Crops and livestock products","050","Bangladesh","5419","Yield","27","Rice","1968","1968","100 g/ha","17466","E","Estimated value",""
"QCL","Crops and livestock products","050","Bangladesh","5419","Yield","27","Rice","1969","1969","100 g/ha","17459","E","Estimated value",""
"QCL","Crops and livestock products","050","Bangladesh","5419","Yield","27","Rice","1970","1970","100 g/ha","16862","E","Estimated value",""
"QCL","Crops and livestock products","050","Bangladesh","5419","Yield","27","Rice","1971","1971","100 g/ha","16022","E","Estimated value",""
"QCL","Crops and livestock products","050","Bangladesh","5419","Yield","27","Rice","1972","1972","100 g/ha","15716","E","Estimated value",""
"QCL","Crops and livestock products","050","Bangladesh","5419","Yield","27","Rice","1973","1973","100 g/ha","18083","E","Estimated value",""
"QCL","Crops and livestock products","050","Bangladesh","5419","Yield","27","Rice","1974","1974","100 g/ha","17289","E","Estimated value",""
"QCL","Crops and livestock products","050","Bangladesh","5419","Yield","27","Rice","1975","1975","100 g/ha","18531","E","Estimated value",""
"QCL","Crops and livestock products","050","Bangladesh","5419","Yield","27","Rice","1976","1976","100 g/ha","17839","E","Estimated value",""
"QCL","Crops and livestock products","050","Bangladesh","5419","Yield","27","Rice","1977","1977","100 g/ha","19398","E","Estimated value",""
"QCL","Crops and livestock products","050","Bangladesh","5419","Yield","27","Rice","1978","1978","100 g/ha","19385","E","Estimated value",""
"QCL","Crops and livestock products","050","Bangladesh","5419","Yield","27","Rice","1979","1979","100 g/ha","18809","E","Estimated value",""
"QCL","Crops and livestock products","050","Bangladesh","5419","Yield","27","Rice","1980","1980","100 g/ha","20197","E","Estimated value",""
"QCL","Crops and livestock products","050","Bangladesh","5419","Yield","27","Rice","1981","1981","100 g/ha","19545","E","Estimated value",""
"QCL","Crops and livestock products","050","Bangladesh","5419","Yield","27","Rice","1982","1982","100 g/ha","20145","E","Estimated value",""
"QCL","Crops and livestock products","050","Bangladesh","5419","Yield","27","Rice","1983","1983","100 g/ha","22345","E","Estimated value",""
"QCL","Crops and livestock products","050","Bangladesh","5419","Yield","27","Rice","1984","1984","100 g/ha","21454","E","Estimated value",""
"QCL","Crops and livestock products","050","Bangladesh","5419","Yield","27","Rice","1985","1985","100 g/ha","21693","E","Estimated value",""
"QCL","Crops and livestock products","050","Bangladesh","5419","Yield","27","Rice","1986","1986","100 g/ha","21783","E","Estimated value",""
"QCL","Crops and livestock products","050","Bangladesh","5419","Yield","27","Rice","1987","1987","100 g/ha","22399","E","Estimated value",""
"QCL","Crops and livestock products","050","Bangladesh","5419","Yield","27","Rice","1988","1988","100 g/ha","22805","E","Estimated value",""
"QCL","Crops and livestock products","050","Bangladesh","5419","Yield","27","Rice","1989","1989","100 g/ha","25562","E","Estimated value",""
"QCL","Crops and livestock products","050","Bangladesh","5419","Yield","27","Rice","1990","1990","100 g/ha","25661","E","Estimated value",""
"QCL","Crops and livestock products","050","Bangladesh","5419","Yield","27","Rice","1991","1991","100 g/ha","26592","A","Official figure",""
"QCL","Crops and livestock products","050","Bangladesh","5419","Yield","27","Rice","1992","1992","100 g/ha","26893","A","Official figure",""
"QCL","Crops and livestock products","050","Bangladesh","5419","Yield","27","Rice","1993","1993","100 g/ha","27185","A","Official figure",""
"QCL","Crops and livestock products","050","Bangladesh","5419","Yield","27","Rice","1994","1994","100 g/ha","25328","A","Official figure",""
"QCL","Crops and livestock products","050","Bangladesh","5419","Yield","27","Rice","1995","1995","100 g/ha","26527","A","Official figure",""
"QCL","Crops and livestock products","050","Bangladesh","5419","Yield","27","Rice","1996","1996","100 g/ha","27629","A","Official figure",""
"QCL","Crops and livestock products","050","Bangladesh","5419","Yield","27","Rice","1997","1997","100 g/ha","27431","A","Official figure",""
"QCL","Crops and livestock products","050","Bangladesh","5419","Yield","27","Rice","1998","1998","100 g/ha","29358","A","Official figure",""
"QCL","Crops and livestock products","050","Bangladesh","5419","Yield","27","Rice","1999","1999","100 g/ha","32139","A","Official figure",""
"QCL","Crops and livestock products","050","Bangladesh","5419","Yield","27","Rice","2000","2000","100 g/ha","34836","A","Official figure",""
"QCL","Crops and livestock products","050","Bangladesh","5419","Yield","27","Rice","2001","2001","100 g/ha","34020","A","Official figure",""
"QCL","Crops and livestock products","050","Bangladesh","5419","Yield","27","Rice","2002","2002","100 g/ha","34902","A","Official figure",""
"QCL","Crops and livestock products","050","Bangladesh","5419","Yield","27","Rice","2003","2003","100 g/ha","35768","A","Official figure",""
"QCL","Crops and livestock products","050","Bangladesh","5419","Yield","27","Rice","2004","2004","100 g/ha","35359","A","Official figure",""
"QCL","Crops and livestock products","050","Bangladesh","5419","Yield","27","Rice","2005","2005","100 g/ha","37814","A","Official figure",""
"QCL","Crops and livestock products","050","Bangladesh","5419","Yield","27","Rice","2006","2006","100 g/ha","38541","A","Official figure",""
"QCL","Crops and livestock products","050","Bangladesh","5419","Yield","27","Rice","2007","2007","100 g/ha","40833","A","Official figure",""
"QCL","Crops and livestock products","050","Bangladesh","5419","Yield","27","Rice","2008","2008","100 g/ha","41441","A","Official figure",""
"QCL","Crops and livestock products","050","Bangladesh","5419","Yield","27","Rice","2009","2009","100 g/ha","42404","A","Official figure",""
"QCL","Crops and livestock products","050","Bangladesh","5419","Yield","27","Rice","2010","2010","100 g/ha","43422","A","Official figure",""
"QCL","Crops and livestock products","050","Bangladesh","5419","Yield","27","Rice","2011","2011","100 g/ha","43917","A","Official figure",""
"QCL","Crops and livestock products","050","Bangladesh","5419","Yield","27","Rice","2012","2012","100 g/ha","44206","A","Official figure",""
"QCL","Crops and livestock products","050","Bangladesh","5419","Yield","27","Rice","2013","2013","100 g/ha","45317","A","Official figure",""
"QCL","Crops and livestock products","050","Bangladesh","5419","Yield","27","Rice","2014","2014","100 g/ha","45382","A","Official figure",""
"QCL","Crops and livestock products","050","Bangladesh","5419","Yield","27","Rice","2015","2015","100 g/ha","45518","A","Official figure",""
"QCL","Crops and livestock products","050","Bangladesh","5419","Yield","27","Rice","2016","2016","100 g/ha","45863","A","Official figure",""
"QCL","Crops and livestock products","050","Bangladesh","5419","Yield","27","Rice","2017","2017","100 g/ha","46619","A","Official figure",""
"QCL","Crops and livestock products","050","Bangladesh","5419","Yield","27","Rice","2018","2018","100 g/ha","47257","A","Official figure",""
"QCL","Crops and livestock products","050","Bangladesh","5419","Yield","27","Rice","2019","2019","100 g/ha","47402","A","Official figure",""
"QCL","Crops and livestock products","050","Bangladesh","5419","Yield","27","Rice","2020","2020","100 g/ha","48088","A","Official figure",""
"QCL","Crops and livestock products","050","Bangladesh","5419","Yield","27","Rice","2021","2021","100 g/ha","48667","E","Estimated value",""
"QCL","Crops and livestock products","064","Bhutan","5419","Yield","27","Rice","1961","1961","100 g/ha","20000","E","Estimated value",""
"QCL","Crops and livestock products","064","Bhutan","5419","Yield","27","Rice","1962","1962","100 g/ha","20000","E","Estimated value",""
"QCL","Crops and livestock products","064","Bhutan","5419","Yield","27","Rice","1963","1963","100 g/ha","20000","E","Estimated value",""
"QCL","Crops and livestock products","064","Bhutan","5419","Yield","27","Rice","1964","1964","100 g/ha","20000","E","Estimated value",""
"QCL","Crops and livestock products","064","Bhutan","5419","Yield","27","Rice","1965","1965","100 g/ha","20000","E","Estimated value",""
"QCL","Crops and livestock products","064","Bhutan","5419","Yield","27","Rice","1966","1966","100 g/ha","20000","E","Estimated value",""
"QCL","Crops and livestock products","064","Bhutan","5419","Yield","27","Rice","1967","1967","100 g/ha","20000","E","Estimated value",""
"QCL","Crops and livestock products","064","Bhutan","5419","Yield","27","Rice","1968","1968","100 g/ha","20000","E","Estimated value",""
"QCL","Crops and livestock products","064","Bhutan","5419","Yield","27","Rice","1969","1969","100 g/ha","20000","E","Estimated value",""
"QCL","Crops and livestock products","064","Bhutan","5419","Yield","27","Rice","1970","1970","100 g/ha","20000","E","Estimated value",""
"QCL","Crops and livestock products","064","Bhutan","5419","Yield","27","Rice","1971","1971","100 g/ha","20000","E","Estimated value",""
"QCL","Crops and livestock products","064","Bhutan","5419","Yield","27","Rice","1972","1972","100 g/ha","20000","E","Estimated value",""
"QCL","Crops and livestock products","064","Bhutan","5419","Yield","27","Rice","1973","1973","100 g/ha","20000","E","Estimated value",""
"QCL","Crops and livestock products","064","Bhutan","5419","Yield","27","Rice","1974","1974","100 g/ha","20000","E","Estimated value",""
"QCL","Crops and livestock products","064","Bhutan","5419","Yield","27","Rice","1975","1975","100 g/ha","20000","E","Estimated value",""
"QCL","Crops and livestock products","064","Bhutan","5419","Yield","27","Rice","1976","1976","100 g/ha","20000","E","Estimated value",""
"QCL","Crops and livestock products","064","Bhutan","5419","Yield","27","Rice","1977","1977","100 g/ha","20000","E","Estimated value",""
"QCL","Crops and livestock products","064","Bhutan","5419","Yield","27","Rice","1978","1978","100 g/ha","20000","E","Estimated value",""
"QCL","Crops and livestock products","064","Bhutan","5419","Yield","27","Rice","1979","1979","100 g/ha","20000","E","Estimated value",""
"QCL","Crops and livestock products","064","Bhutan","5419","Yield","27","Rice","1980","1980","100 g/ha","20000","E","Estimated value",""
"QCL","Crops and livestock products","064","Bhutan","5419","Yield","27","Rice","1981","1981","100 g/ha","20500","E","Estimated value",""
"QCL","Crops and livestock products","064","Bhutan","5419","Yield","27","Rice","1982","1982","100 g/ha","20172","E","Estimated value",""
"QCL","Crops and livestock products","064","Bhutan","5419","Yield","27","Rice","1983","1983","100 g/ha","20000","E","Estimated value",""
"QCL","Crops and livestock products","064","Bhutan","5419","Yield","27","Rice","1984","1984","100 g/ha","21560","E","Estimated value",""
"QCL","Crops and livestock products","064","Bhutan","5419","Yield","27","Rice","1985","1985","100 g/ha","19375","E","Estimated value",""
"QCL","Crops and livestock products","064","Bhutan","5419","Yield","27","Rice","1986","1986","100 g/ha","18000","E","Estimated value",""
"QCL","Crops and livestock products","064","Bhutan","5419","Yield","27","Rice","1987","1987","100 g/ha","17568","I","Imputed value",""
"QCL","Crops and livestock products","064","Bhutan","5419","Yield","27","Rice","1988","1988","100 g/ha","16574","E","Estimated value",""
"QCL","Crops and livestock products","064","Bhutan","5419","Yield","27","Rice","1989","1989","100 g/ha","16538","E","Estimated value",""
"QCL","Crops and livestock products","064","Bhutan","5419","Yield","27","Rice","1990","1990","100 g/ha","20976","I","Imputed value",""
"QCL","Crops and livestock products","064","Bhutan","5419","Yield","27","Rice","1991","1991","100 g/ha","12085","E","Estimated value",""
"QCL","Crops and livestock products","064","Bhutan","5419","Yield","27","Rice","1992","1992","100 g/ha","13133","E","Estimated value",""
"QCL","Crops and livestock products","064","Bhutan","5419","Yield","27","Rice","1993","1993","100 g/ha","14392","E","Estimated value",""
"QCL","Crops and livestock products","064","Bhutan","5419","Yield","27","Rice","1994","1994","100 g/ha","16071","E","Estimated value",""
"QCL","Crops and livestock products","064","Bhutan","5419","Yield","27","Rice","1995","1995","100 g/ha","16667","E","Estimated value",""
"QCL","Crops and livestock products","064","Bhutan","5419","Yield","27","Rice","1996","1996","100 g/ha","16508","E","Estimated value",""
"QCL","Crops and livestock products","064","Bhutan","5419","Yield","27","Rice","1997","1997","100 g/ha","17223","E","Estimated value",""
"QCL","Crops and livestock products","064","Bhutan","5419","Yield","27","Rice","1998","1998","100 g/ha","17973","E","Estimated value",""
"QCL","Crops and livestock products","064","Bhutan","5419","Yield","27","Rice","1999","1999","100 g/ha","18629","E","Estimated value",""
"QCL","Crops and livestock products","064","Bhutan","5419","Yield","27","Rice","2000","2000","100 g/ha","17038","E","Estimated value",""
"QCL","Crops and livestock products","064","Bhutan","5419","Yield","27","Rice","2001","2001","100 g/ha","17391","E","Estimated value",""
"QCL","Crops and livestock products","064","Bhutan","5419","Yield","27","Rice","2002","2002","100 g/ha","19987","A","Official figure",""
"QCL","Crops and livestock products","064","Bhutan","5419","Yield","27","Rice","2003","2003","100 g/ha","22871","A","Official figure",""
"QCL","Crops and livestock products","064","Bhutan","5419","Yield","27","Rice","2004","2004","100 g/ha","28816","A","Official figure",""
"QCL","Crops and livestock products","064","Bhutan","5419","Yield","27","Rice","2005","2005","100 g/ha","26896","A","Official figure",""
"QCL","Crops and livestock products","064","Bhutan","5419","Yield","27","Rice","2006","2006","100 g/ha","27461","A","Official figure",""
"QCL","Crops and livestock products","064","Bhutan","5419","Yield","27","Rice","2007","2007","100 g/ha","27043","A","Official figure",""
"QCL","Crops and livestock products","064","Bhutan","5419","Yield","27","Rice","2008","2008","100 g/ha","39983","A","Official figure",""
"QCL","Crops and livestock products","064","Bhutan","5419","Yield","27","Rice","2009","2009","100 g/ha","27993","A","Official figure",""
"QCL","Crops and livestock products","064","Bhutan","5419","Yield","27","Rice","2010","2010","100 g/ha","31400","A","Official figure",""
"QCL","Crops and livestock products","064","Bhutan","5419","Yield","27","Rice","2011","2011","100 g/ha","32382","A","Official figure",""
"QCL","Crops and livestock products","064","Bhutan","5419","Yield","27","Rice","2012","2012","100 g/ha","36893","A","Official figure",""
"QCL","Crops and livestock products","064","Bhutan","5419","Yield","27","Rice","2013","2013","100 g/ha","36985","A","Official figure",""
"QCL","Crops and livestock products","064","Bhutan","5419","Yield","27","Rice","2014","2014","100 g/ha","37635","A","Official figure",""
"QCL","Crops and livestock products","064","Bhutan","5419","Yield","27","Rice","2015","2015","100 g/ha","40192","A","Official figure",""
"QCL","Crops and livestock products","064","Bhutan","5419","Yield","27","Rice","2016","2016","100 g/ha","38796","A","Official figure",""
"QCL","Crops and livestock products","064","Bhutan","5419","Yield","27","Rice","2017","2017","100 g/ha","40745","A","Official figure",""
"QCL","Crops and livestock products","064","Bhutan","5419","Yield","27","Rice","2018","2018","100 g/ha","42362","A","Official figure",""
"QCL","Crops and livestock products","064","Bhutan","5419","Yield","27","Rice","2019","2019","100 g/ha","40698","A","Official figure",""
"QCL","Crops and livestock products","064","Bhutan","5419","Yield","27","Rice","2020","2020","100 g/ha","42644","A","Official figure",""
"QCL","Crops and livestock products","064","Bhutan","5419","Yield","27","Rice","2021","2021","100 g/ha","41593","A","Official figure",""
"QCL","Crops and livestock products","356","India","5419","Yield","27","Rice","1961","1961","100 g/ha","15419","E","Estimated value",""
"QCL","Crops and livestock products","356","India","5419","Yield","27","Rice","1962","1962","100 g/ha","13959","E","Estimated value",""
"QCL","Crops and livestock products","356","India","5419","Yield","27","Rice","1963","1963","100 g/ha","15498","E","Estimated value",""
"QCL","Crops and livestock products","356","India","5419","Yield","27","Rice","1964","1964","100 g/ha","16171","E","Estimated value",""
"QCL","Crops and livestock products","356","India","5419","Yield","27","Rice","1965","1965","100 g/ha","12936","E","Estimated value",""
"QCL","Crops and livestock products","356","India","5419","Yield","27","Rice","1966","1966","100 g/ha","12952","E","Estimated value",""
"QCL","Crops and livestock products","356","India","5419","Yield","27","Rice","1967","1967","100 g/ha","15484","E","Estimated value",""
"QCL","Crops and livestock products","356","India","5419","Yield","27","Rice","1968","1968","100 g/ha","16134","E","Estimated value",""
"QCL","Crops and livestock products","356","India","5419","Yield","27","Rice","1969","1969","100 g/ha","16094","E","Estimated value",""
"QCL","Crops and livestock products","356","India","5419","Yield","27","Rice","1970","1970","100 g/ha","16849","E","Estimated value",""
"QCL","Crops and livestock products","356","India","5419","Yield","27","Rice","1971","1971","100 g/ha","17110","E","Estimated value",""
"QCL","Crops and livestock products","356","India","5419","Yield","27","Rice","1972","1972","100 g/ha","16046","E","Estimated value",""
"QCL","Crops and livestock products","356","India","5419","Yield","27","Rice","1973","1973","100 g/ha","17259","E","Estimated value",""
"QCL","Crops and livestock products","356","India","5419","Yield","27","Rice","1974","1974","100 g/ha","15744","E","Estimated value",""
"QCL","Crops and livestock products","356","India","5419","Yield","27","Rice","1975","1975","100 g/ha","18582","E","Estimated value",""
"QCL","Crops and livestock products","356","India","5419","Yield","27","Rice","1976","1976","100 g/ha","16372","E","Estimated value",""
"QCL","Crops and livestock products","356","India","5419","Yield","27","Rice","1977","1977","100 g/ha","19613","E","Estimated value",""
"QCL","Crops and livestock products","356","India","5419","Yield","27","Rice","1978","1978","100 g/ha","19912","E","Estimated value",""
"QCL","Crops and livestock products","356","India","5419","Yield","27","Rice","1979","1979","100 g/ha","16105","E","Estimated value",""
"QCL","Crops and livestock products","356","India","5419","Yield","27","Rice","1980","1980","100 g/ha","20002","E","Estimated value",""
"QCL","Crops and livestock products","356","India","5419","Yield","27","Rice","1981","1981","100 g/ha","19623","E","Estimated value",""
"QCL","Crops and livestock products","356","India","5419","Yield","27","Rice","1982","1982","100 g/ha","18497","E","Estimated value",""
"QCL","Crops and livestock products","356","India","5419","Yield","27","Rice","1983","1983","100 g/ha","21833","E","Estimated value",""
"QCL","Crops and livestock products","356","India","5419","Yield","27","Rice","1984","1984","100 g/ha","21272","E","Estimated value",""
"QCL","Crops and livestock products","356","India","5419","Yield","27","Rice","1985","1985","100 g/ha","23292","E","Estimated value",""
"QCL","Crops and livestock products","356","India","5419","Yield","27","Rice","1986","1986","100 g/ha","22052","E","Estimated value",""
"QCL","Crops and livestock products","356","India","5419","Yield","27","Rice","1987","1987","100 g/ha","21991","E","Estimated value",""
"QCL","Crops and livestock products","356","India","5419","Yield","27","Rice","1988","1988","100 g/ha","25486","E","Estimated value",""
"QCL","Crops and livestock products","356","India","5419","Yield","27","Rice","1989","1989","100 g/ha","26160","E","Estimated value",""
"QCL","Crops and livestock products","356","India","5419","Yield","27","Rice","1990","1990","100 g/ha","26125","E","Estimated value",""
"QCL","Crops and livestock products","356","India","5419","Yield","27","Rice","1991","1991","100 g/ha","26271","A","Official figure",""
"QCL","Crops and livestock products","356","India","5419","Yield","27","Rice","1992","1992","100 g/ha","26092","A","Official figure",""
"QCL","Crops and livestock products","356","India","5419","Yield","27","Rice","1993","1993","100 g/ha","28303","A","Official figure",""
"QCL","Crops and livestock products","356","India","5419","Yield","27","Rice","1994","1994","100 g/ha","28645","A","Official figure",""
"QCL","Crops and livestock products","356","India","5419","Yield","27","Rice","1995","1995","100 g/ha","26972","A","Official figure",""
"QCL","Crops and livestock products","356","India","5419","Yield","27","Rice","1996","1996","100 g/ha","28226","A","Official figure",""
"QCL","Crops and livestock products","356","India","5419","Yield","27","Rice","1997","1997","100 g/ha","28457","A","Official figure",""
"QCL","Crops and livestock products","356","India","5419","Yield","27","Rice","1998","1998","100 g/ha","28805","A","Official figure",""
"QCL","Crops and livestock products","356","India","5419","Yield","27","Rice","1999","1999","100 g/ha","29782","A","Official figure",""
"QCL","Crops and livestock products","356","India","5419","Yield","27","Rice","2000","2000","100 g/ha","28508","A","Official figure",""
"QCL","Crops and livestock products","356","India","5419","Yield","27","Rice","2001","2001","100 g/ha","31158","A","Official figure",""
"QCL","Crops and livestock products","356","India","5419","Yield","27","Rice","2002","2002","100 g/ha","26163","A","Official figure",""
"QCL","Crops and livestock products","356","India","5419","Yield","27","Rice","2003","2003","100 g/ha","31177","A","Official figure",""
"QCL","Crops and livestock products","356","India","5419","Yield","27","Rice","2004","2004","100 g/ha","29756","A","Official figure",""
"QCL","Crops and livestock products","356","India","5419","Yield","27","Rice","2005","2005","100 g/ha","31537","A","Official figure",""
"QCL","Crops and livestock products","356","India","5419","Yield","27","Rice","2006","2006","100 g/ha","31759","A","Official figure",""
"QCL","Crops and livestock products","356","India","5419","Yield","27","Rice","2007","2007","100 g/ha","32924","A","Official figure",""
"QCL","Crops and livestock products","356","India","5419","Yield","27","Rice","2008","2008","100 g/ha","32509","A","Official figure",""
"QCL","Crops and livestock products","356","India","5419","Yield","27","Rice","2009","2009","100 g/ha","32366","A","Official figure",""
"QCL","Crops and livestock products","356","India","5419","Yield","27","Rice","2010","2010","100 g/ha","33587","A","Official figure",""
"QCL","Crops and livestock products","356","India","5419","Yield","27","Rice","2011","2011","100 g/ha","35878","A","Official figure",""
"QCL","Crops and livestock products","356","India","5419","Yield","27","Rice","2012","2012","100 g/ha","36909","A","Official figure",""
"QCL","Crops and livestock products","356","India","5419","Yield","27","Rice","2013","2013","100 g/ha","36070","A","Official figure",""
"QCL","Crops and livestock products","356","India","5419","Yield","27","Rice","2014","2014","100 g/ha","35638","A","Official figure",""
"QCL","Crops and livestock products","356","India","5419","Yield","27","Rice","2015","2015","100 g/ha","36077","A","Official figure",""
"QCL","Crops and livestock products","356","India","5419","Yield","27","Rice","2016","2016","100 g/ha","37902","A","Official figure",""
"QCL","Crops and livestock products","356","India","5419","Yield","27","Rice","2017","2017","100 g/ha","38639","A","Official figure",""
"QCL","Crops and livestock products","356","India","5419","Yield","27","Rice","2018","2018","100 g/ha","39568","A","Official figure",""
"QCL","Crops and livestock products","356","India","5419","Yield","27","Rice","2019","2019","100 g/ha","40837","A","Official figure",""
"QCL","Crops and livestock products","356","India","5419","Yield","27","Rice","2020","2020","100 g/ha","41380","A","Official figure",""
"QCL","Crops and livestock products","356","India","5419","Yield","27","Rice","2021","2021","100 g/ha","42137","A","Official figure",""
"QCL","Crops and livestock products","398","Kazakhstan","5419","Yield","27","Rice","1992","1992","100 g/ha","39915","A","Official figure",""
"QCL","Crops and livestock products","398","Kazakhstan","5419","Yield","27","Rice","1993","1993","100 g/ha","36871","A","Official figure",""
"QCL","Crops and livestock products","398","Kazakhstan","5419","Yield","27","Rice","1994","1994","100 g/ha","27937","A","Official figure",""
"QCL","Crops and livestock products","398","Kazakhstan","5419","Yield","27","Rice","1995","1995","100 g/ha","21932","A","Official figure",""
"QCL","Crops and livestock products","398","Kazakhstan","5419","Yield","27","Rice","1996","1996","100 g/ha","26155","A","Official figure",""
"QCL","Crops and livestock products","398","Kazakhstan","5419","Yield","27","Rice","1997","1997","100 g/ha","30765","A","Official figure",""
"QCL","Crops and livestock products","398","Kazakhstan","5419","Yield","27","Rice","1998","1998","100 g/ha","32162","A","Official figure",""
"QCL","Crops and livestock products","398","Kazakhstan","5419","Yield","27","Rice","1999","1999","100 g/ha","28070","A","Official figure",""
"QCL","Crops and livestock products","398","Kazakhstan","5419","Yield","27","Rice","2000","2000","100 g/ha","29723","A","Official figure",""
"QCL","Crops and livestock products","398","Kazakhstan","5419","Yield","27","Rice","2001","2001","100 g/ha","28714","A","Official figure",""
"QCL","Crops and livestock products","398","Kazakhstan","5419","Yield","27","Rice","2002","2002","100 g/ha","30288","A","Official figure",""
"QCL","Crops and livestock products","398","Kazakhstan","5419","Yield","27","Rice","2003","2003","100 g/ha","32696","A","Official figure",""
"QCL","Crops and livestock products","398","Kazakhstan","5419","Yield","27","Rice","2004","2004","100 g/ha","34182","A","Official figure",""
"QCL","Crops and livestock products","398","Kazakhstan","5419","Yield","27","Rice","2005","2005","100 g/ha","33518","A","Official figure",""
"QCL","Crops and livestock products","398","Kazakhstan","5419","Yield","27","Rice","2006","2006","100 g/ha","32966","A","Official figure",""
"QCL","Crops and livestock products","398","Kazakhstan","5419","Yield","27","Rice","2007","2007","100 g/ha","33678","A","Official figure",""
"QCL","Crops and livestock products","398","Kazakhstan","5419","Yield","27","Rice","2008","2008","100 g/ha","33736","A","Official figure",""
"QCL","Crops and livestock products","398","Kazakhstan","5419","Yield","27","Rice","2009","2009","100 g/ha","35323","A","Official figure",""
"QCL","Crops and livestock products","398","Kazakhstan","5419","Yield","27","Rice","2010","2010","100 g/ha","39697","A","Official figure",""
"QCL","Crops and livestock products","398","Kazakhstan","5419","Yield","27","Rice","2011","2011","100 g/ha","37152","A","Official figure",""
"QCL","Crops and livestock products","398","Kazakhstan","5419","Yield","27","Rice","2012","2012","100 g/ha","37712","A","Official figure",""
"QCL","Crops and livestock products","398","Kazakhstan","5419","Yield","27","Rice","2013","2013","100 g/ha","38500","A","Official figure",""
"QCL","Crops and livestock products","398","Kazakhstan","5419","Yield","27","Rice","2014","2014","100 g/ha","39573","A","Official figure",""
"QCL","Crops and livestock products","398","Kazakhstan","5419","Yield","27","Rice","2015","2015","100 g/ha","42756","A","Official figure",""
"QCL","Crops and livestock products","398","Kazakhstan","5419","Yield","27","Rice","2016","2016","100 g/ha","47480","A","Official figure",""
"QCL","Crops and livestock products","398","Kazakhstan","5419","Yield","27","Rice","2017","2017","100 g/ha","46841","A","Official figure",""
"QCL","Crops and livestock products","398","Kazakhstan","5419","Yield","27","Rice","2018","2018","100 g/ha","47590","A","Official figure",""
"QCL","Crops and livestock products","398","Kazakhstan","5419","Yield","27","Rice","2019","2019","100 g/ha","54983","A","Official figure",""
"QCL","Crops and livestock products","398","Kazakhstan","5419","Yield","27","Rice","2020","2020","100 g/ha","54438","A","Official figure",""
"QCL","Crops and livestock products","398","Kazakhstan","5419","Yield","27","Rice","2021","2021","100 g/ha","52132","A","Official figure",""
"QCL","Crops and livestock products","417","Kyrgyzstan","5419","Yield","27","Rice","1992","1992","100 g/ha","14737","A","Official figure",""
"QCL","Crops and livestock products","417","Kyrgyzstan","5419","Yield","27","Rice","1993","1993","100 g/ha","9600","A","Official figure",""
"QCL","Crops and livestock products","417","Kyrgyzstan","5419","Yield","27","Rice","1994","1994","100 g/ha","13000","A","Official figure",""
"QCL","Crops and livestock products","417","Kyrgyzstan","5419","Yield","27","Rice","1995","1995","100 g/ha","14889","A","Official figure",""
"QCL","Crops and livestock products","417","Kyrgyzstan","5419","Yield","27","Rice","1996","1996","100 g/ha","17037","A","Official figure",""
"QCL","Crops and livestock products","417","Kyrgyzstan","5419","Yield","27","Rice","1997","1997","100 g/ha","19180","A","Official figure",""
"QCL","Crops and livestock products","417","Kyrgyzstan","5419","Yield","27","Rice","1998","1998","100 g/ha","20042","A","Official figure",""
"QCL","Crops and livestock products","417","Kyrgyzstan","5419","Yield","27","Rice","1999","1999","100 g/ha","24698","A","Official figure",""
"QCL","Crops and livestock products","417","Kyrgyzstan","5419","Yield","27","Rice","2000","2000","100 g/ha","30488","A","Official figure",""
"QCL","Crops and livestock products","417","Kyrgyzstan","5419","Yield","27","Rice","2001","2001","100 g/ha","29859","A","Official figure",""
"QCL","Crops and livestock products","417","Kyrgyzstan","5419","Yield","27","Rice","2002","2002","100 g/ha","31290","A","Official figure",""
"QCL","Crops and livestock products","417","Kyrgyzstan","5419","Yield","27","Rice","2003","2003","100 g/ha","30069","A","Official figure",""
"QCL","Crops and livestock products","417","Kyrgyzstan","5419","Yield","27","Rice","2004","2004","100 g/ha","30052","A","Official figure",""
"QCL","Crops and livestock products","417","Kyrgyzstan","5419","Yield","27","Rice","2005","2005","100 g/ha","29517","A","Official figure",""
"QCL","Crops and livestock products","417","Kyrgyzstan","5419","Yield","27","Rice","2006","2006","100 g/ha","29633","A","Official figure",""
"QCL","Crops and livestock products","417","Kyrgyzstan","5419","Yield","27","Rice","2007","2007","100 g/ha","28236","A","Official figure",""
"QCL","Crops and livestock products","417","Kyrgyzstan","5419","Yield","27","Rice","2008","2008","100 g/ha","28548","A","Official figure",""
"QCL","Crops and livestock products","417","Kyrgyzstan","5419","Yield","27","Rice","2009","2009","100 g/ha","33041","A","Official figure",""
"QCL","Crops and livestock products","417","Kyrgyzstan","5419","Yield","27","Rice","2010","2010","100 g/ha","32935","A","Official figure",""
"QCL","Crops and livestock products","417","Kyrgyzstan","5419","Yield","27","Rice","2011","2011","100 g/ha","30898","A","Official figure",""
"QCL","Crops and livestock products","417","Kyrgyzstan","5419","Yield","27","Rice","2012","2012","100 g/ha","32219","A","Official figure",""
"QCL","Crops and livestock products","417","Kyrgyzstan","5419","Yield","27","Rice","2013","2013","100 g/ha","34438","A","Official figure",""
"QCL","Crops and livestock products","417","Kyrgyzstan","5419","Yield","27","Rice","2014","2014","100 g/ha","35016","A","Official figure",""
"QCL","Crops and livestock products","417","Kyrgyzstan","5419","Yield","27","Rice","2015","2015","100 g/ha","35081","A","Official figure",""
"QCL","Crops and livestock products","417","Kyrgyzstan","5419","Yield","27","Rice","2016","2016","100 g/ha","35185","A","Official figure",""
"QCL","Crops and livestock products","417","Kyrgyzstan","5419","Yield","27","Rice","2017","2017","100 g/ha","35669","A","Official figure",""
"QCL","Crops and livestock products","417","Kyrgyzstan","5419","Yield","27","Rice","2018","2018","100 g/ha","35945","A","Official figure",""
"QCL","Crops and livestock products","417","Kyrgyzstan","5419","Yield","27","Rice","2019","2019","100 g/ha","36464","A","Official figure",""
"QCL","Crops and livestock products","417","Kyrgyzstan","5419","Yield","27","Rice","2020","2020","100 g/ha","37288","A","Official figure",""
"QCL","Crops and livestock products","417","Kyrgyzstan","5419","Yield","27","Rice","2021","2021","100 g/ha","37357","A","Official figure",""
"QCL","Crops and livestock products","524","Nepal","5419","Yield","27","Rice","1961","1961","100 g/ha","19375","E","Estimated value",""
"QCL","Crops and livestock products","524","Nepal","5419","Yield","27","Rice","1962","1962","100 g/ha","19342","E","Estimated value",""
"QCL","Crops and livestock products","524","Nepal","5419","Yield","27","Rice","1963","1963","100 g/ha","19349","E","Estimated value",""
"QCL","Crops and livestock products","524","Nepal","5419","Yield","27","Rice","1964","1964","100 g/ha","19991","E","Estimated value",""
"QCL","Crops and livestock products","524","Nepal","5419","Yield","27","Rice","1965","1965","100 g/ha","19865","E","Estimated value",""
"QCL","Crops and livestock products","524","Nepal","5419","Yield","27","Rice","1966","1966","100 g/ha","18248","E","Estimated value",""
"QCL","Crops and livestock products","524","Nepal","5419","Yield","27","Rice","1967","1967","100 g/ha","18361","E","Estimated value",""
"QCL","Crops and livestock products","524","Nepal","5419","Yield","27","Rice","1968","1968","100 g/ha","18745","E","Estimated value",""
"QCL","Crops and livestock products","524","Nepal","5419","Yield","27","Rice","1969","1969","100 g/ha","19104","E","Estimated value",""
"QCL","Crops and livestock products","524","Nepal","5419","Yield","27","Rice","1970","1970","100 g/ha","19486","E","Estimated value",""
"QCL","Crops and livestock products","524","Nepal","5419","Yield","27","Rice","1971","1971","100 g/ha","19520","E","Estimated value",""
"QCL","Crops and livestock products","524","Nepal","5419","Yield","27","Rice","1972","1972","100 g/ha","17633","E","Estimated value",""
"QCL","Crops and livestock products","524","Nepal","5419","Yield","27","Rice","1973","1973","100 g/ha","19690","E","Estimated value",""
"QCL","Crops and livestock products","524","Nepal","5419","Yield","27","Rice","1974","1974","100 g/ha","19779","E","Estimated value",""
"QCL","Crops and livestock products","524","Nepal","5419","Yield","27","Rice","1975","1975","100 g/ha","20742","E","Estimated value",""
"QCL","Crops and livestock products","524","Nepal","5419","Yield","27","Rice","1976","1976","100 g/ha","18914","E","Estimated value",""
"QCL","Crops and livestock products","524","Nepal","5419","Yield","27","Rice","1977","1977","100 g/ha","18056","E","Estimated value",""
"QCL","Crops and livestock products","524","Nepal","5419","Yield","27","Rice","1978","1978","100 g/ha","18527","E","Estimated value",""
"QCL","Crops and livestock products","524","Nepal","5419","Yield","27","Rice","1979","1979","100 g/ha","16424","E","Estimated value",""
"QCL","Crops and livestock products","524","Nepal","5419","Yield","27","Rice","1980","1980","100 g/ha","19320","E","Estimated value",""
"QCL","Crops and livestock products","524","Nepal","5419","Yield","27","Rice","1981","1981","100 g/ha","19746","E","Estimated value",""
"QCL","Crops and livestock products","524","Nepal","5419","Yield","27","Rice","1982","1982","100 g/ha","14489","E","Estimated value",""
"QCL","Crops and livestock products","524","Nepal","5419","Yield","27","Rice","1983","1983","100 g/ha","20664","E","Estimated value",""
"QCL","Crops and livestock products","524","Nepal","5419","Yield","27","Rice","1984","1984","100 g/ha","19678","E","Estimated value",""
"QCL","Crops and livestock products","524","Nepal","5419","Yield","27","Rice","1985","1985","100 g/ha","20161","E","Estimated value",""
"QCL","Crops and livestock products","524","Nepal","5419","Yield","27","Rice","1986","1986","100 g/ha","17790","E","Estimated value",""
"QCL","Crops and livestock products","524","Nepal","5419","Yield","27","Rice","1987","1987","100 g/ha","20950","E","Estimated value",""
"QCL","Crops and livestock products","524","Nepal","5419","Yield","27","Rice","1988","1988","100 g/ha","22635","E","Estimated value",""
"QCL","Crops and livestock products","524","Nepal","5419","Yield","27","Rice","1989","1989","100 g/ha","23657","E","Estimated value",""
"QCL","Crops and livestock products","524","Nepal","5419","Yield","27","Rice","1990","1990","100 g/ha","24067","E","Estimated value",""
"QCL","Crops and livestock products","524","Nepal","5419","Yield","27","Rice","1991","1991","100 g/ha","22826","A","Official figure",""
"QCL","Crops and livestock products","524","Nepal","5419","Yield","27","Rice","1992","1992","100 g/ha","20481","A","Official figure",""
"QCL","Crops and livestock products","524","Nepal","5419","Yield","27","Rice","1993","1993","100 g/ha","24100","A","Official figure",""
"QCL","Crops and livestock products","524","Nepal","5419","Yield","27","Rice","1994","1994","100 g/ha","21237","A","Official figure",""
"QCL","Crops and livestock products","524","Nepal","5419","Yield","27","Rice","1995","1995","100 g/ha","23910","A","Official figure",""
"QCL","Crops and livestock products","524","Nepal","5419","Yield","27","Rice","1996","1996","100 g/ha","24554","A","Official figure",""
"QCL","Crops and livestock products","524","Nepal","5419","Yield","27","Rice","1997","1997","100 g/ha","24170","A","Official figure",""
"QCL","Crops and livestock products","524","Nepal","5419","Yield","27","Rice","1998","1998","100 g/ha","24434","A","Official figure",""
"QCL","Crops and livestock products","524","Nepal","5419","Yield","27","Rice","1999","1999","100 g/ha","24722","A","Official figure",""
"QCL","Crops and livestock products","524","Nepal","5419","Yield","27","Rice","2000","2000","100 g/ha","27028","A","Official figure",""
"QCL","Crops and livestock products","524","Nepal","5419","Yield","27","Rice","2001","2001","100 g/ha","27454","A","Official figure",""
"QCL","Crops and livestock products","524","Nepal","5419","Yield","27","Rice","2002","2002","100 g/ha","26754","A","Official figure",""
"QCL","Crops and livestock products","524","Nepal","5419","Yield","27","Rice","2003","2003","100 g/ha","26753","A","Official figure",""
"QCL","Crops and livestock products","524","Nepal","5419","Yield","27","Rice","2004","2004","100 g/ha","28573","A","Official figure",""
"QCL","Crops and livestock products","524","Nepal","5419","Yield","27","Rice","2005","2005","100 g/ha","27825","A","Official figure",""
"QCL","Crops and livestock products","524","Nepal","5419","Yield","27","Rice","2006","2006","100 g/ha","27166","A","Official figure",""
"QCL","Crops and livestock products","524","Nepal","5419","Yield","27","Rice","2007","2007","100 g/ha","25570","A","Official figure",""
"QCL","Crops and livestock products","524","Nepal","5419","Yield","27","Rice","2008","2008","100 g/ha","27750","A","Official figure",""
"QCL","Crops and livestock products","524","Nepal","5419","Yield","27","Rice","2009","2009","100 g/ha","29074","A","Official figure",""
"QCL","Crops and livestock products","524","Nepal","5419","Yield","27","Rice","2010","2010","100 g/ha","27164","A","Official figure",""
"QCL","Crops and livestock products","524","Nepal","5419","Yield","27","Rice","2011","2011","100 g/ha","29805","A","Official figure",""
"QCL","Crops and livestock products","524","Nepal","5419","Yield","27","Rice","2012","2012","100 g/ha","33120","A","Official figure",""
"QCL","Crops and livestock products","524","Nepal","5419","Yield","27","Rice","2013","2013","100 g/ha","31709","A","Official figure",""
"QCL","Crops and livestock products","524","Nepal","5419","Yield","27","Rice","2014","2014","100 g/ha","33942","A","Official figure",""
"QCL","Crops and livestock products","524","Nepal","5419","Yield","27","Rice","2015","2015","100 g/ha","33596","A","Official figure",""
"QCL","Crops and livestock products","524","Nepal","5419","Yield","27","Rice","2016","2016","100 g/ha","31543","A","Official figure",""
"QCL","Crops and livestock products","524","Nepal","5419","Yield","27","Rice","2017","2017","100 g/ha","33690","A","Official figure",""
"QCL","Crops and livestock products","524","Nepal","5419","Yield","27","Rice","2018","2018","100 g/ha","35058","A","Official figure",""
"QCL","Crops and livestock products","524","Nepal","5419","Yield","27","Rice","2019","2019","100 g/ha","37607","A","Official figure",""
"QCL","Crops and livestock products","524","Nepal","5419","Yield","27","Rice","2020","2020","100 g/ha","38048","A","Official figure",""
"QCL","Crops and livestock products","524","Nepal","5419","Yield","27","Rice","2021","2021","100 g/ha","38153","A","Official figure",""
"QCL","Crops and livestock products","586","Pakistan","5419","Yield","27","Rice","1961","1961","100 g/ha","13915","E","Estimated value",""
"QCL","Crops and livestock products","586","Pakistan","5419","Yield","27","Rice","1962","1962","100 g/ha","13856","E","Estimated value",""
"QCL","Crops and livestock products","586","Pakistan","5419","Yield","27","Rice","1963","1963","100 g/ha","13902","E","Estimated value",""
"QCL","Crops and livestock products","586","Pakistan","5419","Yield","27","Rice","1964","1964","100 g/ha","14937","E","Estimated value",""
"QCL","Crops and livestock products","586","Pakistan","5419","Yield","27","Rice","1965","1965","100 g/ha","14174","E","Estimated value",""
"QCL","Crops and livestock products","586","Pakistan","5419","Yield","27","Rice","1966","1966","100 g/ha","14523","E","Estimated value",""
"QCL","Crops and livestock products","586","Pakistan","5419","Yield","27","Rice","1967","1967","100 g/ha","15835","E","Estimated value",""
"QCL","Crops and livestock products","586","Pakistan","5419","Yield","27","Rice","1968","1968","100 g/ha","19604","E","Estimated value",""
"QCL","Crops and livestock products","586","Pakistan","5419","Yield","27","Rice","1969","1969","100 g/ha","22201","E","Estimated value",""
"QCL","Crops and livestock products","586","Pakistan","5419","Yield","27","Rice","1970","1970","100 g/ha","21939","E","Estimated value",""
"QCL","Crops and livestock products","586","Pakistan","5419","Yield","27","Rice","1971","1971","100 g/ha","23293","E","Estimated value",""
"QCL","Crops and livestock products","586","Pakistan","5419","Yield","27","Rice","1972","1972","100 g/ha","23624","E","Estimated value",""
"QCL","Crops and livestock products","586","Pakistan","5419","Yield","27","Rice","1973","1973","100 g/ha","24353","E","Estimated value",""
"QCL","Crops and livestock products","586","Pakistan","5419","Yield","27","Rice","1974","1974","100 g/ha","21632","E","Estimated value",""
"QCL","Crops and livestock products","586","Pakistan","5419","Yield","27","Rice","1975","1975","100 g/ha","22964","E","Estimated value",""
"QCL","Crops and livestock products","586","Pakistan","5419","Yield","27","Rice","1976","1976","100 g/ha","23472","E","Estimated value",""
"QCL","Crops and livestock products","586","Pakistan","5419","Yield","27","Rice","1977","1977","100 g/ha","23297","E","Estimated value",""
"QCL","Crops and livestock products","586","Pakistan","5419","Yield","27","Rice","1978","1978","100 g/ha","24230","E","Estimated value",""
"QCL","Crops and livestock products","586","Pakistan","5419","Yield","27","Rice","1979","1979","100 g/ha","23710","E","Estimated value",""
"QCL","Crops and livestock products","586","Pakistan","5419","Yield","27","Rice","1980","1980","100 g/ha","24235","E","Estimated value",""
"QCL","Crops and livestock products","586","Pakistan","5419","Yield","27","Rice","1981","1981","100 g/ha","26035","E","Estimated value",""
"QCL","Crops and livestock products","586","Pakistan","5419","Yield","27","Rice","1982","1982","100 g/ha","26121","E","Estimated value",""
"QCL","Crops and livestock products","586","Pakistan","5419","Yield","27","Rice","1983","1983","100 g/ha","25065","E","Estimated value",""
"QCL","Crops and livestock products","586","Pakistan","5419","Yield","27","Rice","1984","1984","100 g/ha","24883","E","Estimated value",""
"QCL","Crops and livestock products","586","Pakistan","5419","Yield","27","Rice","1985","1985","100 g/ha","23499","E","Estimated value",""
"QCL","Crops and livestock products","586","Pakistan","5419","Yield","27","Rice","1986","1986","100 g/ha","25320","E","Estimated value",""
"QCL","Crops and livestock products","586","Pakistan","5419","Yield","27","Rice","1987","1987","100 g/ha","24765","E","Estimated value",""
"QCL","Crops and livestock products","586","Pakistan","5419","Yield","27","Rice","1988","1988","100 g/ha","23511","E","Estimated value",""
"QCL","Crops and livestock products","586","Pakistan","5419","Yield","27","Rice","1989","1989","100 g/ha","22925","E","Estimated value",""
"QCL","Crops and livestock products","586","Pakistan","5419","Yield","27","Rice","1990","1990","100 g/ha","23151","E","Estimated value",""
"QCL","Crops and livestock products","586","Pakistan","5419","Yield","27","Rice","1991","1991","100 g/ha","23199","A","Official figure",""
"QCL","Crops and livestock products","586","Pakistan","5419","Yield","27","Rice","1992","1992","100 g/ha","23686","A","Official figure",""
"QCL","Crops and livestock products","586","Pakistan","5419","Yield","27","Rice","1993","1993","100 g/ha","27397","A","Official figure",""
"QCL","Crops and livestock products","586","Pakistan","5419","Yield","27","Rice","1994","1994","100 g/ha","24333","A","Official figure",""
"QCL","Crops and livestock products","586","Pakistan","5419","Yield","27","Rice","1995","1995","100 g/ha","27522","A","Official figure",""
"QCL","Crops and livestock products","586","Pakistan","5419","Yield","27","Rice","1996","1996","100 g/ha","28685","A","Official figure",""
"QCL","Crops and livestock products","586","Pakistan","5419","Yield","27","Rice","1997","1997","100 g/ha","28048","A","Official figure",""
"QCL","Crops and livestock products","586","Pakistan","5419","Yield","27","Rice","1998","1998","100 g/ha","28930","A","Official figure",""
"QCL","Crops and livestock products","586","Pakistan","5419","Yield","27","Rice","1999","1999","100 g/ha","30744","A","Official figure",""
"QCL","Crops and livestock products","586","Pakistan","5419","Yield","27","Rice","2000","2000","100 g/ha","30312","A","Official figure",""
"QCL","Crops and livestock products","586","Pakistan","5419","Yield","27","Rice","2001","2001","100 g/ha","27542","A","Official figure",""
"QCL","Crops and livestock products","586","Pakistan","5419","Yield","27","Rice","2002","2002","100 g/ha","30192","A","Official figure",""
"QCL","Crops and livestock products","586","Pakistan","5419","Yield","27","Rice","2003","2003","100 g/ha","29551","A","Official figure",""
"QCL","Crops and livestock products","586","Pakistan","5419","Yield","27","Rice","2004","2004","100 g/ha","29914","A","Official figure",""
"QCL","Crops and livestock products","586","Pakistan","5419","Yield","27","Rice","2005","2005","100 g/ha","31742","A","Official figure",""
"QCL","Crops and livestock products","586","Pakistan","5419","Yield","27","Rice","2006","2006","100 g/ha","31604","A","Official figure",""
"QCL","Crops and livestock products","586","Pakistan","5419","Yield","27","Rice","2007","2007","100 g/ha","33176","A","Official figure",""
"QCL","Crops and livestock products","586","Pakistan","5419","Yield","27","Rice","2008","2008","100 g/ha","35199","A","Official figure",""
"QCL","Crops and livestock products","586","Pakistan","5419","Yield","27","Rice","2009","2009","100 g/ha","35809","A","Official figure",""
"QCL","Crops and livestock products","586","Pakistan","5419","Yield","27","Rice","2010","2010","100 g/ha","30588","A","Official figure",""
"QCL","Crops and livestock products","586","Pakistan","5419","Yield","27","Rice","2011","2011","100 g/ha","35939","A","Official figure",""
"QCL","Crops and livestock products","586","Pakistan","5419","Yield","27","Rice","2012","2012","100 g/ha","35966","A","Official figure",""
"QCL","Crops and livestock products","586","Pakistan","5419","Yield","27","Rice","2013","2013","100 g/ha","37528","A","Official figure",""
"QCL","Crops and livestock products","586","Pakistan","5419","Yield","27","Rice","2014","2014","100 g/ha","36339","A","Official figure",""
"QCL","Crops and livestock products","586","Pakistan","5419","Yield","27","Rice","2015","2015","100 g/ha","37240","A","Official figure",""
"QCL","Crops and livestock products","586","Pakistan","5419","Yield","27","Rice","2016","2016","100 g/ha","37716","A","Official figure",""
"QCL","Crops and livestock products","586","Pakistan","5419","Yield","27","Rice","2017","2017","100 g/ha","38526","A","Official figure",""
"QCL","Crops and livestock products","586","Pakistan","5419","Yield","27","Rice","2018","2018","100 g/ha","25629","A","Official figure",""
"QCL","Crops and livestock products","586","Pakistan","5419","Yield","27","Rice","2019","2019","100 g/ha","36653","A","Official figure",""
"QCL","Crops and livestock products","586","Pakistan","5419","Yield","27","Rice","2020","2020","100 g/ha","37868","A","Official figure",""
"QCL","Crops and livestock products","586","Pakistan","5419","Yield","27","Rice","2021","2021","100 g/ha","39532","A","Official figure",""
"QCL","Crops and livestock products","144","Sri Lanka","5419","Yield","27","Rice","1961","1961","100 g/ha","18626","E","Estimated value",""
"QCL","Crops and livestock products","144","Sri Lanka","5419","Yield","27","Rice","1962","1962","100 g/ha","19539","E","Estimated value",""
"QCL","Crops and livestock products","144","Sri Lanka","5419","Yield","27","Rice","1963","1963","100 g/ha","19547","E","Estimated value",""
"QCL","Crops and livestock products","144","Sri Lanka","5419","Yield","27","Rice","1964","1964","100 g/ha","19962","E","Estimated value",""
"QCL","Crops and livestock products","144","Sri Lanka","5419","Yield","27","Rice","1965","1965","100 g/ha","17696","E","Estimated value",""
"QCL","Crops and livestock products","144","Sri Lanka","5419","Yield","27","Rice","1966","1966","100 g/ha","18365","E","Estimated value",""
"QCL","Crops and livestock products","144","Sri Lanka","5419","Yield","27","Rice","1967","1967","100 g/ha","21259","E","Estimated value",""
"QCL","Crops and livestock products","144","Sri Lanka","5419","Yield","27","Rice","1968","1968","100 g/ha","23968","E","Estimated value",""
"QCL","Crops and livestock products","144","Sri Lanka","5419","Yield","27","Rice","1969","1969","100 g/ha","25654","E","Estimated value",""
"QCL","Crops and livestock products","144","Sri Lanka","5419","Yield","27","Rice","1970","1970","100 g/ha","22485","E","Estimated value",""
"QCL","Crops and livestock products","144","Sri Lanka","5419","Yield","27","Rice","1971","1971","100 g/ha","20119","E","Estimated value",""
"QCL","Crops and livestock products","144","Sri Lanka","5419","Yield","27","Rice","1972","1972","100 g/ha","20540","E","Estimated value",""
"QCL","Crops and livestock products","144","Sri Lanka","5419","Yield","27","Rice","1973","1973","100 g/ha","19539","E","Estimated value",""
"QCL","Crops and livestock products","144","Sri Lanka","5419","Yield","27","Rice","1974","1974","100 g/ha","20104","E","Estimated value",""
"QCL","Crops and livestock products","144","Sri Lanka","5419","Yield","27","Rice","1975","1975","100 g/ha","19325","E","Estimated value",""
"QCL","Crops and livestock products","144","Sri Lanka","5419","Yield","27","Rice","1976","1976","100 g/ha","19712","E","Estimated value",""
"QCL","Crops and livestock products","144","Sri Lanka","5419","Yield","27","Rice","1977","1977","100 g/ha","21441","E","Estimated value",""
"QCL","Crops and livestock products","144","Sri Lanka","5419","Yield","27","Rice","1978","1978","100 g/ha","22521","E","Estimated value",""
"QCL","Crops and livestock products","144","Sri Lanka","5419","Yield","27","Rice","1979","1979","100 g/ha","24282","E","Estimated value",""
"QCL","Crops and livestock products","144","Sri Lanka","5419","Yield","27","Rice","1980","1980","100 g/ha","25897","E","Estimated value",""
"QCL","Crops and livestock products","144","Sri Lanka","5419","Yield","27","Rice","1981","1981","100 g/ha","26462","E","Estimated value",""
"QCL","Crops and livestock products","144","Sri Lanka","5419","Yield","27","Rice","1982","1982","100 g/ha","28896","E","Estimated value",""
"QCL","Crops and livestock products","144","Sri Lanka","5419","Yield","27","Rice","1983","1983","100 g/ha","31977","E","Estimated value",""
"QCL","Crops and livestock products","144","Sri Lanka","5419","Yield","27","Rice","1984","1984","100 g/ha","27316","E","Estimated value",""
"QCL","Crops and livestock products","144","Sri Lanka","5419","Yield","27","Rice","1985","1985","100 g/ha","30777","E","Estimated value",""
"QCL","Crops and livestock products","144","Sri Lanka","5419","Yield","27","Rice","1986","1986","100 g/ha","30944","E","Estimated value",""
"QCL","Crops and livestock products","144","Sri Lanka","5419","Yield","27","Rice","1987","1987","100 g/ha","31318","E","Estimated value",""
"QCL","Crops and livestock products","144","Sri Lanka","5419","Yield","27","Rice","1988","1988","100 g/ha","30367","E","Estimated value",""
"QCL","Crops and livestock products","144","Sri Lanka","5419","Yield","27","Rice","1989","1989","100 g/ha","29916","E","Estimated value",""
"QCL","Crops and livestock products","144","Sri Lanka","5419","Yield","27","Rice","1990","1990","100 g/ha","30643","E","Estimated value",""
"QCL","Crops and livestock products","144","Sri Lanka","5419","Yield","27","Rice","1991","1991","100 g/ha","30215","A","Official figure",""
"QCL","Crops and livestock products","144","Sri Lanka","5419","Yield","27","Rice","1992","1992","100 g/ha","30544","A","Official figure",""
"QCL","Crops and livestock products","144","Sri Lanka","5419","Yield","27","Rice","1993","1993","100 g/ha","31350","A","Official figure",""
"QCL","Crops and livestock products","144","Sri Lanka","5419","Yield","27","Rice","1994","1994","100 g/ha","29933","A","Official figure",""
"QCL","Crops and livestock products","144","Sri Lanka","5419","Yield","27","Rice","1995","1995","100 g/ha","31586","A","Official figure",""
"QCL","Crops and livestock products","144","Sri Lanka","5419","Yield","27","Rice","1996","1996","100 g/ha","31231","A","Official figure",""
"QCL","Crops and livestock products","144","Sri Lanka","5419","Yield","27","Rice","1997","1997","100 g/ha","32451","A","Official figure",""
"QCL","Crops and livestock products","144","Sri Lanka","5419","Yield","27","Rice","1998","1998","100 g/ha","35102","A","Official figure",""
"QCL","Crops and livestock products","144","Sri Lanka","5419","Yield","27","Rice","1999","1999","100 g/ha","32810","A","Official figure",""
"QCL","Crops and livestock products","144","Sri Lanka","5419","Yield","27","Rice","2000","2000","100 g/ha","34374","A","Official figure",""
"QCL","Crops and livestock products","144","Sri Lanka","5419","Yield","27","Rice","2001","2001","100 g/ha","35228","A","Official figure",""
"QCL","Crops and livestock products","144","Sri Lanka","5419","Yield","27","Rice","2002","2002","100 g/ha","34889","A","Official figure",""
"QCL","Crops and livestock products","144","Sri Lanka","5419","Yield","27","Rice","2003","2003","100 g/ha","33696","A","Official figure",""
"QCL","Crops and livestock products","144","Sri Lanka","5419","Yield","27","Rice","2004","2004","100 g/ha","36516","A","Official figure",""
"QCL","Crops and livestock products","144","Sri Lanka","5419","Yield","27","Rice","2005","2005","100 g/ha","35465","A","Official figure",""
"QCL","Crops and livestock products","144","Sri Lanka","5419","Yield","27","Rice","2006","2006","100 g/ha","36705","A","Official figure",""
"QCL","Crops and livestock products","144","Sri Lanka","5419","Yield","27","Rice","2007","2007","100 g/ha","38337","A","Official figure",""
"QCL","Crops and livestock products","144","Sri Lanka","5419","Yield","27","Rice","2008","2008","100 g/ha","36800","A","Official figure",""
"QCL","Crops and livestock products","144","Sri Lanka","5419","Yield","27","Rice","2009","2009","100 g/ha","38748","A","Official figure",""
"QCL","Crops and livestock products","144","Sri Lanka","5419","Yield","27","Rice","2010","2010","100 g/ha","40558","A","Official figure",""
"QCL","Crops and livestock products","144","Sri Lanka","5419","Yield","27","Rice","2011","2011","100 g/ha","35699","A","Official figure",""
"QCL","Crops and livestock products","144","Sri Lanka","5419","Yield","27","Rice","2012","2012","100 g/ha","36057","A","Official figure",""
"QCL","Crops and livestock products","144","Sri Lanka","5419","Yield","27","Rice","2013","2013","100 g/ha","38897","A","Official figure",""
"QCL","Crops and livestock products","144","Sri Lanka","5419","Yield","27","Rice","2014","2014","100 g/ha","38377","A","Official figure",""
"QCL","Crops and livestock products","144","Sri Lanka","5419","Yield","27","Rice","2015","2015","100 g/ha","38758","E","Estimated value",""
"QCL","Crops and livestock products","144","Sri Lanka","5419","Yield","27","Rice","2016","2016","100 g/ha","38728","A","Official figure",""
"QCL","Crops and livestock products","144","Sri Lanka","5419","Yield","27","Rice","2017","2017","100 g/ha","30103","A","Official figure",""
"QCL","Crops and livestock products","144","Sri Lanka","5419","Yield","27","Rice","2018","2018","100 g/ha","37752","A","Official figure",""
"QCL","Crops and livestock products","144","Sri Lanka","5419","Yield","27","Rice","2019","2019","100 g/ha","47954","A","Official figure",""
"QCL","Crops and livestock products","144","Sri Lanka","5419","Yield","27","Rice","2020","2020","100 g/ha","48021","A","Official figure",""
"QCL","Crops and livestock products","144","Sri Lanka","5419","Yield","27","Rice","2021","2021","100 g/ha","45709","A","Official figure",""
"QCL","Crops and livestock products","762","Tajikistan","5419","Yield","27","Rice","1992","1992","100 g/ha","20184","A","Official figure",""
"QCL","Crops and livestock products","762","Tajikistan","5419","Yield","27","Rice","1993","1993","100 g/ha","18306","A","Official figure",""
"QCL","Crops and livestock products","762","Tajikistan","5419","Yield","27","Rice","1994","1994","100 g/ha","15385","A","Official figure",""
"QCL","Crops and livestock products","762","Tajikistan","5419","Yield","27","Rice","1995","1995","100 g/ha","18000","A","Official figure",""
"QCL","Crops and livestock products","762","Tajikistan","5419","Yield","27","Rice","1996","1996","100 g/ha","17268","A","Official figure",""
"QCL","Crops and livestock products","762","Tajikistan","5419","Yield","27","Rice","1997","1997","100 g/ha","27093","A","Official figure",""
"QCL","Crops and livestock products","762","Tajikistan","5419","Yield","27","Rice","1998","1998","100 g/ha","24566","A","Official figure",""
"QCL","Crops and livestock products","762","Tajikistan","5419","Yield","27","Rice","1999","1999","100 g/ha","24908","A","Official figure",""
"QCL","Crops and livestock products","762","Tajikistan","5419","Yield","27","Rice","2000","2000","100 g/ha","37900","A","Official figure",""
"QCL","Crops and livestock products","762","Tajikistan","5419","Yield","27","Rice","2001","2001","100 g/ha","26100","A","Official figure",""
"QCL","Crops and livestock products","762","Tajikistan","5419","Yield","27","Rice","2002","2002","100 g/ha","28523","A","Official figure",""
"QCL","Crops and livestock products","762","Tajikistan","5419","Yield","27","Rice","2003","2003","100 g/ha","34604","A","Official figure",""
"QCL","Crops and livestock products","762","Tajikistan","5419","Yield","27","Rice","2004","2004","100 g/ha","36408","A","Official figure",""
"QCL","Crops and livestock products","762","Tajikistan","5419","Yield","27","Rice","2005","2005","100 g/ha","32844","A","Official figure",""
"QCL","Crops and livestock products","762","Tajikistan","5419","Yield","27","Rice","2006","2006","100 g/ha","31415","A","Official figure",""
"QCL","Crops and livestock products","762","Tajikistan","5419","Yield","27","Rice","2007","2007","100 g/ha","30707","A","Official figure",""
"QCL","Crops and livestock products","762","Tajikistan","5419","Yield","27","Rice","2008","2008","100 g/ha","52616","A","Official figure",""
"QCL","Crops and livestock products","762","Tajikistan","5419","Yield","27","Rice","2009","2009","100 g/ha","43558","A","Official figure",""
"QCL","Crops and livestock products","762","Tajikistan","5419","Yield","27","Rice","2010","2010","100 g/ha","51740","A","Official figure",""
"QCL","Crops and livestock products","762","Tajikistan","5419","Yield","27","Rice","2011","2011","100 g/ha","58186","A","Official figure",""
"QCL","Crops and livestock products","762","Tajikistan","5419","Yield","27","Rice","2012","2012","100 g/ha","62517","A","Official figure",""
"QCL","Crops and livestock products","762","Tajikistan","5419","Yield","27","Rice","2013","2013","100 g/ha","66592","A","Official figure",""
"QCL","Crops and livestock products","762","Tajikistan","5419","Yield","27","Rice","2014","2014","100 g/ha","71960","A","Official figure",""
"QCL","Crops and livestock products","762","Tajikistan","5419","Yield","27","Rice","2015","2015","100 g/ha","72909","A","Official figure",""
"QCL","Crops and livestock products","762","Tajikistan","5419","Yield","27","Rice","2016","2016","100 g/ha","70534","A","Official figure",""
"QCL","Crops and livestock products","762","Tajikistan","5419","Yield","27","Rice","2017","2017","100 g/ha","78042","A","Official figure",""
"QCL","Crops and livestock products","762","Tajikistan","5419","Yield","27","Rice","2018","2018","100 g/ha","76490","A","Official figure",""
"QCL","Crops and livestock products","762","Tajikistan","5419","Yield","27","Rice","2019","2019","100 g/ha","85882","A","Official figure",""
"QCL","Crops and livestock products","762","Tajikistan","5419","Yield","27","Rice","2020","2020","100 g/ha","76744","E","Estimated value",""
"QCL","Crops and livestock products","762","Tajikistan","5419","Yield","27","Rice","2021","2021","100 g/ha","52781","E","Estimated value",""
"QCL","Crops and livestock products","795","Turkmenistan","5419","Yield","27","Rice","1992","1992","100 g/ha","22794","A","Official figure",""
"QCL","Crops and livestock products","795","Turkmenistan","5419","Yield","27","Rice","1993","1993","100 g/ha","22746","A","Official figure",""
"QCL","Crops and livestock products","795","Turkmenistan","5419","Yield","27","Rice","1994","1994","100 g/ha","24865","A","Official figure",""
"QCL","Crops and livestock products","795","Turkmenistan","5419","Yield","27","Rice","1995","1995","100 g/ha","27103","A","Official figure",""
"QCL","Crops and livestock products","795","Turkmenistan","5419","Yield","27","Rice","1996","1996","100 g/ha","12750","A","Official figure",""
"QCL","Crops and livestock products","795","Turkmenistan","5419","Yield","27","Rice","1997","1997","100 g/ha","8406","A","Official figure",""
"QCL","Crops and livestock products","795","Turkmenistan","5419","Yield","27","Rice","1998","1998","100 g/ha","6850","E","Estimated value",""
"QCL","Crops and livestock products","795","Turkmenistan","5419","Yield","27","Rice","1999","1999","100 g/ha","11100","E","Estimated value",""
"QCL","Crops and livestock products","795","Turkmenistan","5419","Yield","27","Rice","2000","2000","100 g/ha","3900","A","Official figure",""
"QCL","Crops and livestock products","795","Turkmenistan","5419","Yield","27","Rice","2001","2001","100 g/ha","11143","E","Estimated value",""
"QCL","Crops and livestock products","795","Turkmenistan","5419","Yield","27","Rice","2002","2002","100 g/ha","19048","E","Estimated value",""
"QCL","Crops and livestock products","795","Turkmenistan","5419","Yield","27","Rice","2003","2003","100 g/ha","26071","E","Estimated value",""
"QCL","Crops and livestock products","795","Turkmenistan","5419","Yield","27","Rice","2004","2004","100 g/ha","22000","E","Estimated value",""
"QCL","Crops and livestock products","795","Turkmenistan","5419","Yield","27","Rice","2005","2005","100 g/ha","21818","E","Estimated value",""
"QCL","Crops and livestock products","795","Turkmenistan","5419","Yield","27","Rice","2006","2006","100 g/ha","24107","E","Estimated value",""
"QCL","Crops and livestock products","795","Turkmenistan","5419","Yield","27","Rice","2007","2007","100 g/ha","13000","A","Official figure",""
"QCL","Crops and livestock products","795","Turkmenistan","5419","Yield","27","Rice","2008","2008","100 g/ha","11000","A","Official figure",""
"QCL","Crops and livestock products","795","Turkmenistan","5419","Yield","27","Rice","2009","2009","100 g/ha","16000","A","Official figure",""
"QCL","Crops and livestock products","795","Turkmenistan","5419","Yield","27","Rice","2010","2010","100 g/ha","17000","A","Official figure",""
"QCL","Crops and livestock products","795","Turkmenistan","5419","Yield","27","Rice","2011","2011","100 g/ha","15000","A","Official figure",""
"QCL","Crops and livestock products","795","Turkmenistan","5419","Yield","27","Rice","2012","2012","100 g/ha","13288","E","Estimated value",""
"QCL","Crops and livestock products","795","Turkmenistan","5419","Yield","27","Rice","2013","2013","100 g/ha","11608","E","Estimated value",""
"QCL","Crops and livestock products","795","Turkmenistan","5419","Yield","27","Rice","2014","2014","100 g/ha","10671","E","Estimated value",""
"QCL","Crops and livestock products","795","Turkmenistan","5419","Yield","27","Rice","2015","2015","100 g/ha","10531","E","Estimated value",""
"QCL","Crops and livestock products","795","Turkmenistan","5419","Yield","27","Rice","2016","2016","100 g/ha","10063","E","Estimated value",""
"QCL","Crops and livestock products","795","Turkmenistan","5419","Yield","27","Rice","2017","2017","100 g/ha","41304","E","Estimated value",""
"QCL","Crops and livestock products","795","Turkmenistan","5419","Yield","27","Rice","2018","2018","100 g/ha","41304","E","Estimated value",""
"QCL","Crops and livestock products","795","Turkmenistan","5419","Yield","27","Rice","2019","2019","100 g/ha","40298","A","Official figure",""
"QCL","Crops and livestock products","795","Turkmenistan","5419","Yield","27","Rice","2020","2020","100 g/ha","42309","A","Official figure",""
"QCL","Crops and livestock products","795","Turkmenistan","5419","Yield","27","Rice","2021","2021","100 g/ha","40450","E","Estimated value",""
"QCL","Crops and livestock products","860","Uzbekistan","5419","Yield","27","Rice","1992","1992","100 g/ha","32029","A","Official figure",""
"QCL","Crops and livestock products","860","Uzbekistan","5419","Yield","27","Rice","1993","1993","100 g/ha","32191","A","Official figure",""
"QCL","Crops and livestock products","860","Uzbekistan","5419","Yield","27","Rice","1994","1994","100 g/ha","31622","A","Official figure",""
"QCL","Crops and livestock products","860","Uzbekistan","5419","Yield","27","Rice","1995","1995","100 g/ha","19747","A","Official figure",""
"QCL","Crops and livestock products","860","Uzbekistan","5419","Yield","27","Rice","1996","1996","100 g/ha","19249","A","Official figure",""
"QCL","Crops and livestock products","860","Uzbekistan","5419","Yield","27","Rice","1997","1997","100 g/ha","21347","A","Official figure",""
"QCL","Crops and livestock products","860","Uzbekistan","5419","Yield","27","Rice","1998","1998","100 g/ha","25121","A","Official figure",""
"QCL","Crops and livestock products","860","Uzbekistan","5419","Yield","27","Rice","1999","1999","100 g/ha","26973","A","Official figure",""
"QCL","Crops and livestock products","860","Uzbekistan","5419","Yield","27","Rice","2000","2000","100 g/ha","35224","A","Official figure",""
"QCL","Crops and livestock products","860","Uzbekistan","5419","Yield","27","Rice","2001","2001","100 g/ha","23256","A","Official figure",""
"QCL","Crops and livestock products","860","Uzbekistan","5419","Yield","27","Rice","2002","2002","100 g/ha","28820","A","Official figure",""
"QCL","Crops and livestock products","860","Uzbekistan","5419","Yield","27","Rice","2003","2003","100 g/ha","28992","A","Official figure",""
"QCL","Crops and livestock products","860","Uzbekistan","5419","Yield","27","Rice","2004","2004","100 g/ha","28453","A","Official figure",""
"QCL","Crops and livestock products","860","Uzbekistan","5419","Yield","27","Rice","2005","2005","100 g/ha","32717","A","Official figure",""
"QCL","Crops and livestock products","860","Uzbekistan","5419","Yield","27","Rice","2006","2006","100 g/ha","36927","A","Official figure",""
"QCL","Crops and livestock products","860","Uzbekistan","5419","Yield","27","Rice","2007","2007","100 g/ha","41208","A","Official figure",""
"QCL","Crops and livestock products","860","Uzbekistan","5419","Yield","27","Rice","2008","2008","100 g/ha","33639","A","Official figure",""
"QCL","Crops and livestock products","860","Uzbekistan","5419","Yield","27","Rice","2009","2009","100 g/ha","44656","A","Official figure",""
"QCL","Crops and livestock products","860","Uzbekistan","5419","Yield","27","Rice","2010","2010","100 g/ha","36098","A","Official figure",""
"QCL","Crops and livestock products","860","Uzbekistan","5419","Yield","27","Rice","2011","2011","100 g/ha","51843","A","Official figure",""
"QCL","Crops and livestock products","860","Uzbekistan","5419","Yield","27","Rice","2012","2012","100 g/ha","42689","A","Official figure",""
"QCL","Crops and livestock products","860","Uzbekistan","5419","Yield","27","Rice","2013","2013","100 g/ha","75773","A","Official figure",""
"QCL","Crops and livestock products","860","Uzbekistan","5419","Yield","27","Rice","2014","2014","100 g/ha","72971","A","Official figure",""
"QCL","Crops and livestock products","860","Uzbekistan","5419","Yield","27","Rice","2015","2015","100 g/ha","60389","A","Official figure",""
"QCL","Crops and livestock products","860","Uzbekistan","5419","Yield","27","Rice","2016","2016","100 g/ha","62956","A","Official figure",""
"QCL","Crops and livestock products","860","Uzbekistan","5419","Yield","27","Rice","2017","2017","100 g/ha","55467","A","Official figure",""
"QCL","Crops and livestock products","860","Uzbekistan","5419","Yield","27","Rice","2018","2018","100 g/ha","52464","A","Official figure",""
"QCL","Crops and livestock products","860","Uzbekistan","5419","Yield","27","Rice","2019","2019","100 g/ha","48466","A","Official figure",""
"QCL","Crops and livestock products","860","Uzbekistan","5419","Yield","27","Rice","2020","2020","100 g/ha","61877","A","Official figure",""
"QCL","Crops and livestock products","860","Uzbekistan","5419","Yield","27","Rice","2021","2021","100 g/ha","68373","A","Official figure",""
